source_path	target_path	size	sha256	source_sha256	transform
UploadFiles/xwzx/2025/1/202501020855500321.png	UploadFiles/xwzx/2025/1/202501020855500321.png	114249	59a95d369e60288d3692e8936cccbf1a60b041cf75f12c89893360654b929732	59a95d369e60288d3692e8936cccbf1a60b041cf75f12c89893360654b929732	
UploadFiles/xwzx/2025/1/202501020856119681.png	UploadFiles/xwzx/2025/1/202501020856119681.png	114234	2991e2b93b010e86762dc4f2a8e40f32247cce2fc9198af3e5df83944dd57cfa	2991e2b93b010e86762dc4f2a8e40f32247cce2fc9198af3e5df83944dd57cfa	
UploadFiles/xwzx/2025/1/202501020856194794.png	UploadFiles/xwzx/2025/1/202501020856194794.png	113619	a03fb6055b246002baf32b75be779826abe66599e23c5d9949c9c4191186dab9	a03fb6055b246002baf32b75be779826abe66599e23c5d9949c9c4191186dab9	
UploadFiles/xwzx/2025/1/202501021508114246.png	UploadFiles/xwzx/2025/1/202501021508114246.png	263379	517b67a79f02ddf3f8a5a1c0f54986a329e7a2896494db547a0e9d42d92b9557	517b67a79f02ddf3f8a5a1c0f54986a329e7a2896494db547a0e9d42d92b9557	
UploadFiles/xwzx/2025/1/202501021642585970.png	UploadFiles/xwzx/2025/1/202501021642585970.png	108750	ed0fed4388b011d89afce647b7325af4c0bf95bebb422656674f81c15b15f6bb	ed0fed4388b011d89afce647b7325af4c0bf95bebb422656674f81c15b15f6bb	
UploadFiles/xwzx/2025/1/202501030946274133.png	UploadFiles/xwzx/2025/1/202501030946274133.png	72455	8c342a06a6fb23437b21dc840154d489945868da1fbd5e8aad937b91d0e26d7c	8c342a06a6fb23437b21dc840154d489945868da1fbd5e8aad937b91d0e26d7c	
UploadFiles/xwzx/2025/1/202501031533154156.png	UploadFiles/xwzx/2025/1/202501031533154156.png	100926	944fee5fd5f11685db5d483266229669d1e9022015478d2322573fab6f19375e	944fee5fd5f11685db5d483266229669d1e9022015478d2322573fab6f19375e	
UploadFiles/xwzx/2025/1/202501031535220870.png	UploadFiles/xwzx/2025/1/202501031535220870.png	72147	b19cddc8c8647f3be8ec8c9e725911ad4d867ffe8b9560fc7112c7897c7589ae	b19cddc8c8647f3be8ec8c9e725911ad4d867ffe8b9560fc7112c7897c7589ae	
UploadFiles/xwzx/2025/1/202501031536412705.jpg	UploadFiles/xwzx/2025/1/202501031536412705.jpg	678295	84319eaae0c372051c4bc6d79387d6bc7c4d848ad7f06d62ab83ba1d54759273	84319eaae0c372051c4bc6d79387d6bc7c4d848ad7f06d62ab83ba1d54759273	
UploadFiles/xwzx/2025/1/202501031536415841.jpg	UploadFiles/xwzx/2025/1/202501031536415841.jpg	471169	e292a34d85d37995c54067e3b4329cdaed1d7345f59805544930c401f9daeb91	e292a34d85d37995c54067e3b4329cdaed1d7345f59805544930c401f9daeb91	
UploadFiles/xwzx/2025/1/202501031536425009.jpg	UploadFiles/xwzx/2025/1/202501031536425009.jpg	286498	b9b01abea007bdaa527b3e6722407b1503b97dfc82ee95dae5154eb4f70e757a	b9b01abea007bdaa527b3e6722407b1503b97dfc82ee95dae5154eb4f70e757a	
UploadFiles/xwzx/2025/1/202501031536448173.jpg	UploadFiles/xwzx/2025/1/202501031536448173.jpg	5407211	59b139c2cdfd9704316b47109520e41e135a1d501e7275b59a9e5568c241301c	59b139c2cdfd9704316b47109520e41e135a1d501e7275b59a9e5568c241301c	
UploadFiles/xwzx/2025/1/202501041044175833.png	UploadFiles/xwzx/2025/1/202501041044175833.png	18023	c626e5e0b07ba48537eaf3a653aa2583c27b0bf6086c626916497de397016a2b	c626e5e0b07ba48537eaf3a653aa2583c27b0bf6086c626916497de397016a2b	
UploadFiles/xwzx/2025/1/202501041044185756.png	UploadFiles/xwzx/2025/1/202501041044185756.png	13743	e62652b2f160e45ce2d20ab24cae2660413824a8abbcca1f73f2216596df11fe	e62652b2f160e45ce2d20ab24cae2660413824a8abbcca1f73f2216596df11fe	
UploadFiles/xwzx/2025/1/202501041305128742.gif	UploadFiles/xwzx/2025/1/202501041305128742.gif	1012	62c86a7776611273707faece405890b74a8c521b17a73e339875d8aa4f9ca361	62c86a7776611273707faece405890b74a8c521b17a73e339875d8aa4f9ca361	
UploadFiles/xwzx/2025/1/202501041538011350.png	UploadFiles/xwzx/2025/1/202501041538011350.png	72226	e05f55235c79658345ebd5c18543f2878f59d92cb5c0e64ab6506d1c548e3825	e05f55235c79658345ebd5c18543f2878f59d92cb5c0e64ab6506d1c548e3825	
UploadFiles/xwzx/2025/1/202501041638214783.png	UploadFiles/xwzx/2025/1/202501041638214783.png	104735	880fb4fe85f3feaceeab9c01752eb30dbee9b8b5fa9e0b60a2c81ba02882868b	880fb4fe85f3feaceeab9c01752eb30dbee9b8b5fa9e0b60a2c81ba02882868b	
UploadFiles/xwzx/2025/1/202501041714437283.png	UploadFiles/xwzx/2025/1/202501041714437283.png	48139	d9f4d94aa1e37e891bdc15cd2a236fd7909a9ba94fd6b2d8421f19072ce1c2e1	d9f4d94aa1e37e891bdc15cd2a236fd7909a9ba94fd6b2d8421f19072ce1c2e1	
UploadFiles/xwzx/2025/1/202501041714439836.png	UploadFiles/xwzx/2025/1/202501041714439836.png	35017	d7fae011847e4d61e3508f98b5391101865f9f79d97bd30214f333b0f14661a0	d7fae011847e4d61e3508f98b5391101865f9f79d97bd30214f333b0f14661a0	
UploadFiles/xwzx/2025/1/202501050914386289.png	UploadFiles/xwzx/2025/1/202501050914386289.png	109159	803d7117ac69ab1957ab71cb4e7b3ae7e8ab9dd393ea349b59373167aa5686c4	803d7117ac69ab1957ab71cb4e7b3ae7e8ab9dd393ea349b59373167aa5686c4	
UploadFiles/xwzx/2025/1/202501051305370203.png	UploadFiles/xwzx/2025/1/202501051305370203.png	106312	dbec91156bcdc128fb2df22f56e6d36b7f2e546063a1a65ff77de654d065e5d4	dbec91156bcdc128fb2df22f56e6d36b7f2e546063a1a65ff77de654d065e5d4	
UploadFiles/xwzx/2025/1/202501051601004690.gif	UploadFiles/xwzx/2025/1/202501051601004690.gif	1012	62c86a7776611273707faece405890b74a8c521b17a73e339875d8aa4f9ca361	62c86a7776611273707faece405890b74a8c521b17a73e339875d8aa4f9ca361	
UploadFiles/xwzx/2025/1/202501080935082376.png	UploadFiles/xwzx/2025/1/202501080935082376.png	135562	672d3b5f3bb615df45408ddb2b29a1c0e0c7a12e985dff6d800cfb130b90b043	672d3b5f3bb615df45408ddb2b29a1c0e0c7a12e985dff6d800cfb130b90b043	
UploadFiles/xwzx/2025/1/202501091637328572.png	UploadFiles/xwzx/2025/1/202501091637328572.png	97686	231e782adaa200193c0cf2994ea404abda1325f635d2d82b037cde6529aa1586	231e782adaa200193c0cf2994ea404abda1325f635d2d82b037cde6529aa1586	
UploadFiles/xwzx/2025/1/202501101620060179.png	UploadFiles/xwzx/2025/1/202501101620060179.png	71977	ffd6590d0f1b3c3f267d79e350a0819e2dd4a02fdb47a911962223b58bdb4aa3	ffd6590d0f1b3c3f267d79e350a0819e2dd4a02fdb47a911962223b58bdb4aa3	
UploadFiles/xwzx/2025/1/202501101620334085.png	UploadFiles/xwzx/2025/1/202501101620334085.png	72233	27adf945ebd5b6db806794251cde318d40b1b3612299cf93c7974f1b7890cc5b	27adf945ebd5b6db806794251cde318d40b1b3612299cf93c7974f1b7890cc5b	
UploadFiles/xwzx/2025/1/202501101626520546.png	UploadFiles/xwzx/2025/1/202501101626520546.png	104710	529c6b2d0fca8deea3225fefee13d8bab01a38fe287a693a83c568e737b5425e	529c6b2d0fca8deea3225fefee13d8bab01a38fe287a693a83c568e737b5425e	
UploadFiles/xwzx/2025/1/202501131057593401.png	UploadFiles/xwzx/2025/1/202501131057593401.png	161717	6a02a911f1c17ee4349916324dcb2d93572212a5a619c64f4dcf9034b6fe93cd	6a02a911f1c17ee4349916324dcb2d93572212a5a619c64f4dcf9034b6fe93cd	
UploadFiles/xwzx/2025/1/202501131058220345.png	UploadFiles/xwzx/2025/1/202501131058220345.png	162011	8c66779b084226e6457042ec0cf1b2c2075435da646deb014ccd168ce8c77509	8c66779b084226e6457042ec0cf1b2c2075435da646deb014ccd168ce8c77509	
UploadFiles/xwzx/2025/1/202501131059140255.png	UploadFiles/xwzx/2025/1/202501131059140255.png	4950	c5d4132f9f418f2703fea14fb407dd7637d595663b1596d3930057429717487d	c5d4132f9f418f2703fea14fb407dd7637d595663b1596d3930057429717487d	
UploadFiles/xwzx/2025/1/202501131103337703.png	UploadFiles/xwzx/2025/1/202501131103337703.png	11102	598859d9880b65c0bcae0d36f22376d13215843961dee47dc1565248700dfe30	598859d9880b65c0bcae0d36f22376d13215843961dee47dc1565248700dfe30	
UploadFiles/xwzx/2025/1/202501131115184549.png	UploadFiles/xwzx/2025/1/202501131115184549.png	159005	15b51d5fca452beba70a6d0488225f8d003a573db7dbcbd9959ac43f06eefb95	15b51d5fca452beba70a6d0488225f8d003a573db7dbcbd9959ac43f06eefb95	
UploadFiles/xwzx/2025/1/202501131115545982.png	UploadFiles/xwzx/2025/1/202501131115545982.png	158576	3fa6c4a2c443eda197835e74106f32ee6239ff85ca0677f56a9c31b316c0f914	3fa6c4a2c443eda197835e74106f32ee6239ff85ca0677f56a9c31b316c0f914	
UploadFiles/xwzx/2025/1/202501131627414711.png	UploadFiles/xwzx/2025/1/202501131627414711.png	154764	b368674f11d3f2b4a894b0b61c639e6538ba5c280fd5a6d36c722de25241709b	b368674f11d3f2b4a894b0b61c639e6538ba5c280fd5a6d36c722de25241709b	
UploadFiles/xwzx/2025/1/202501140742407143.png	UploadFiles/xwzx/2025/1/202501140742407143.png	177742	7202a9213c0f2369abc30f25d82455804c916b12a78a0ca95d0c6c93282c4732	7202a9213c0f2369abc30f25d82455804c916b12a78a0ca95d0c6c93282c4732	
UploadFiles/xwzx/2025/1/202501141427234794.png	UploadFiles/xwzx/2025/1/202501141427234794.png	121879	5418666347364ce7588671edd19b5e812e78cbc5d4ca2ab10d1011b8f5fdaa83	5418666347364ce7588671edd19b5e812e78cbc5d4ca2ab10d1011b8f5fdaa83	
UploadFiles/xwzx/2025/1/202501141428207947.png	UploadFiles/xwzx/2025/1/202501141428207947.png	120464	ffe526797dedfa635dd7866e98b6b06116f96c5e4b3b89104c1b04d52d515ead	ffe526797dedfa635dd7866e98b6b06116f96c5e4b3b89104c1b04d52d515ead	
UploadFiles/xwzx/2025/1/202501141429010539.png	UploadFiles/xwzx/2025/1/202501141429010539.png	132483	094295a8225c704237c551cea39a94dab651499aacc2e68c5ea9499c1b31dd84	094295a8225c704237c551cea39a94dab651499aacc2e68c5ea9499c1b31dd84	
UploadFiles/xwzx/2025/1/202501141429233348.png	UploadFiles/xwzx/2025/1/202501141429233348.png	120368	79fb8bfd0202355b07f10b47cd6d8bc8d9011c208ae383b01e0aeec110797d03	79fb8bfd0202355b07f10b47cd6d8bc8d9011c208ae383b01e0aeec110797d03	
UploadFiles/xwzx/2025/1/202501141430145625.png	UploadFiles/xwzx/2025/1/202501141430145625.png	7801	895a6d419eff953308600464df7138e16c84adf5216acc96092866853c9ff301	895a6d419eff953308600464df7138e16c84adf5216acc96092866853c9ff301	
UploadFiles/xwzx/2025/1/202501141445502153.png	UploadFiles/xwzx/2025/1/202501141445502153.png	124391	85ddf6fbc86f405c63b9d099088976d5e9fd1150a3a7348030bf03a7e4079702	85ddf6fbc86f405c63b9d099088976d5e9fd1150a3a7348030bf03a7e4079702	
UploadFiles/xwzx/2025/1/202501141542536027.png	UploadFiles/xwzx/2025/1/202501141542536027.png	31973	beada1caa57e93bbdf265c9ed32322539dc0f3945c466ef6612c97a6e1fb9ab6	beada1caa57e93bbdf265c9ed32322539dc0f3945c466ef6612c97a6e1fb9ab6	
UploadFiles/xwzx/2025/1/202501141601571308.png	UploadFiles/xwzx/2025/1/202501141601571308.png	83226	2ca4b1cb2a7afcb5f86bfc244134cc7382c759d0eb58ccde5901dd58d2c46683	2ca4b1cb2a7afcb5f86bfc244134cc7382c759d0eb58ccde5901dd58d2c46683	
UploadFiles/xwzx/2025/1/202501160728451568.JPG	UploadFiles/xwzx/2025/1/202501160728451568.jpg	203187	aec599d93277798dedbe02ddc6d52374303e23f70911e94fa1fdd332db2f958f	aec599d93277798dedbe02ddc6d52374303e23f70911e94fa1fdd332db2f958f	
UploadFiles/xwzx/2025/1/202501160731118523.jpg	UploadFiles/xwzx/2025/1/202501160731118523.jpg	259388	e072b3ed68479adceae77aac03dd0ea36bee0475f32c4e68d1cbdc9e9bf15ada	e072b3ed68479adceae77aac03dd0ea36bee0475f32c4e68d1cbdc9e9bf15ada	
UploadFiles/xwzx/2025/1/202501161405355773.jpg	UploadFiles/xwzx/2025/1/202501161405355773.jpg	255852	a12b789932937f2ef13672872a108408b36c4fc9491da3f7636351560fdfa1b7	a12b789932937f2ef13672872a108408b36c4fc9491da3f7636351560fdfa1b7	
UploadFiles/xwzx/2025/1/202501161405360209.jpg	UploadFiles/xwzx/2025/1/202501161405360209.jpg	232221	08b17ee9781437cb7d79aca2a0667150e161b4d1a3fbe822902713cd4dd96d79	08b17ee9781437cb7d79aca2a0667150e161b4d1a3fbe822902713cd4dd96d79	
UploadFiles/xwzx/2025/1/202501161405362401.jpg	UploadFiles/xwzx/2025/1/202501161405362401.jpg	288085	dbb11946c54a236d423bb85f04b8185be5f68394e9fb03b3ede818cbbfdafa8b	dbb11946c54a236d423bb85f04b8185be5f68394e9fb03b3ede818cbbfdafa8b	
UploadFiles/xwzx/2025/1/202501161405363632.jpg	UploadFiles/xwzx/2025/1/202501161405363632.jpg	391964	0f4cf6bcc0c4979c61742d9c51d257edb287d452403633abaac3799fd6d7a018	0f4cf6bcc0c4979c61742d9c51d257edb287d452403633abaac3799fd6d7a018	
UploadFiles/xwzx/2025/1/202501161405376311.jpg	UploadFiles/xwzx/2025/1/202501161405376311.jpg	5843693	5b9b31f11e0c38b64258ec6eb75ac27cf1a91128bdc8a268581359a79442807d	5b9b31f11e0c38b64258ec6eb75ac27cf1a91128bdc8a268581359a79442807d	
UploadFiles/xwzx/2025/1/202501161405376648.jpg	UploadFiles/xwzx/2025/1/202501161405376648.jpg	235384	818cd878472a1b6534ae162f3d35489e98e785eed5cc3e999cc18ce7f1cd949f	818cd878472a1b6534ae162f3d35489e98e785eed5cc3e999cc18ce7f1cd949f	
UploadFiles/xwzx/2025/1/202501161405378357.jpg	UploadFiles/xwzx/2025/1/202501161405378357.jpg	7395633	3195e2a534f17095c9ddf823860025959461685a7e23ae8adadb5a122343da70	3195e2a534f17095c9ddf823860025959461685a7e23ae8adadb5a122343da70	
UploadFiles/xwzx/2025/1/202501161405381957.jpg	UploadFiles/xwzx/2025/1/202501161405381957.jpg	231434	78e5bec6fa3cebec58fddc1b90b227c68083469ae13cc0642ae989e3d23cde09	78e5bec6fa3cebec58fddc1b90b227c68083469ae13cc0642ae989e3d23cde09	
UploadFiles/xwzx/2025/1/202501161405388418.jpg	UploadFiles/xwzx/2025/1/202501161405388418.jpg	243573	ad390cf8473b8a7ddddc398755475cca5d183eb44969140a909d939ab74ba5d6	ad390cf8473b8a7ddddc398755475cca5d183eb44969140a909d939ab74ba5d6	
UploadFiles/xwzx/2025/1/202501161405395533.jpg	UploadFiles/xwzx/2025/1/202501161405395533.jpg	326542	cde81fc5a60a05b21532d5caf07ae7c9f2ba485f948b7b5b50d0360f577472b1	cde81fc5a60a05b21532d5caf07ae7c9f2ba485f948b7b5b50d0360f577472b1	
UploadFiles/xwzx/2025/1/202501161407500918.jpg	UploadFiles/xwzx/2025/1/202501161407500918.jpg	1014472	281f9a71121dbc5b83edb46fd0c5fe92ac9c6df41c0f85eaea2bbdb714fd946f	281f9a71121dbc5b83edb46fd0c5fe92ac9c6df41c0f85eaea2bbdb714fd946f	
UploadFiles/xwzx/2025/1/202501161407503280.jpg	UploadFiles/xwzx/2025/1/202501161407503280.jpg	1091504	b7da8630e3cacc7993f53668a312b862e621e0b43b14de690b2c1525184d66d2	b7da8630e3cacc7993f53668a312b862e621e0b43b14de690b2c1525184d66d2	
UploadFiles/xwzx/2025/1/202501161407508971.jpg	UploadFiles/xwzx/2025/1/202501161407508971.jpg	906840	a9de3c1c6664fca66094cc1b0075baedafaf1d9e880acf0f5b67273f8f2e5bce	a9de3c1c6664fca66094cc1b0075baedafaf1d9e880acf0f5b67273f8f2e5bce	
UploadFiles/xwzx/2025/1/202501161407509928.jpg	UploadFiles/xwzx/2025/1/202501161407509928.jpg	1086830	0e87ca57dee3474f4c5a45367cfc9f9d8362f1eecc8110c072e442c67b162600	0e87ca57dee3474f4c5a45367cfc9f9d8362f1eecc8110c072e442c67b162600	
UploadFiles/xwzx/2025/1/202501161407510143.jpg	UploadFiles/xwzx/2025/1/202501161407510143.jpg	1017041	a0efbbbeb6fdb4c9d8fe57dfc8d0e7e8b9aba038dd9abffa5fe5193546e72c82	a0efbbbeb6fdb4c9d8fe57dfc8d0e7e8b9aba038dd9abffa5fe5193546e72c82	
UploadFiles/xwzx/2025/1/202501161407511412.jpg	UploadFiles/xwzx/2025/1/202501161407511412.jpg	1102849	8fcd733c1183c1e6e958c25858a228f3370b369b1c4fc7a21c06dc2605d543a3	8fcd733c1183c1e6e958c25858a228f3370b369b1c4fc7a21c06dc2605d543a3	
UploadFiles/xwzx/2025/1/202501161407516576.jpg	UploadFiles/xwzx/2025/1/202501161407516576.jpg	963748	be2c7b767d012c64684616b8ee87269e77439740f9154e808da52d463ed2294b	be2c7b767d012c64684616b8ee87269e77439740f9154e808da52d463ed2294b	
UploadFiles/xwzx/2025/1/202501161407519325.jpg	UploadFiles/xwzx/2025/1/202501161407519325.jpg	458744	c72f417a93317557873678bed940be3e5023f1a8d34436568ce162bbbbeeeb6d	c72f417a93317557873678bed940be3e5023f1a8d34436568ce162bbbbeeeb6d	
UploadFiles/xwzx/2025/1/202501161407520286.jpg	UploadFiles/xwzx/2025/1/202501161407520286.jpg	1061887	53949206556df204815dc7485ec90d5071b2b8d4062ee97c1de4dfa8cda527c3	53949206556df204815dc7485ec90d5071b2b8d4062ee97c1de4dfa8cda527c3	
UploadFiles/xwzx/2025/1/202501161407521217.jpg	UploadFiles/xwzx/2025/1/202501161407521217.jpg	1179413	ece7cd537ae9f90b7829470261f7e66d845623c9bed7ea14eab80f86f4d2f2e2	ece7cd537ae9f90b7829470261f7e66d845623c9bed7ea14eab80f86f4d2f2e2	
UploadFiles/xwzx/2025/1/202501161407525558.jpg	UploadFiles/xwzx/2025/1/202501161407525558.jpg	1105413	38ad278964887933740f4d396a0ff034ac5a23f43ac6703ef13ee3fd3d735c95	38ad278964887933740f4d396a0ff034ac5a23f43ac6703ef13ee3fd3d735c95	
UploadFiles/xwzx/2025/1/202501200905362260.png	UploadFiles/xwzx/2025/1/202501200905362260.png	179929	4f8820fc3ba7f361e637f5908988cacd2e999c44e26f5e8a2c4ad71129dced6f	4f8820fc3ba7f361e637f5908988cacd2e999c44e26f5e8a2c4ad71129dced6f	
UploadFiles/xwzx/2025/1/202501201506480299.jpg	UploadFiles/xwzx/2025/1/202501201506480299.jpg	64464	63b4791fdaf0055906018193a74db4d243ff35d92d8e4d1fddf14db6979a040e	63b4791fdaf0055906018193a74db4d243ff35d92d8e4d1fddf14db6979a040e	
UploadFiles/xwzx/2025/1/202501210924035800.png	UploadFiles/xwzx/2025/1/202501210924035800.png	19452	c1d4a8177fbe59431e5205c74db4f9f5aa21e44e3ce50b31ae4b68fa8d6e0964	c1d4a8177fbe59431e5205c74db4f9f5aa21e44e3ce50b31ae4b68fa8d6e0964	
UploadFiles/xwzx/2025/1/202501211315124581.gif	UploadFiles/xwzx/2025/1/202501211315124581.gif	1012	62c86a7776611273707faece405890b74a8c521b17a73e339875d8aa4f9ca361	62c86a7776611273707faece405890b74a8c521b17a73e339875d8aa4f9ca361	
UploadFiles/xwzx/2025/1/202501211505261106.png	UploadFiles/xwzx/2025/1/202501211505261106.png	28749	f644793baa919dd0c2e927699a2797882cc71f52e47f83bb8d030599e9151c53	f644793baa919dd0c2e927699a2797882cc71f52e47f83bb8d030599e9151c53	
UploadFiles/xwzx/2025/1/202501221035477545.png	UploadFiles/xwzx/2025/1/202501221035477545.png	132236	37103af82cba3eec5a6799457bccb0d7dbccd9feba1cd0c0d3510b935ee8af7b	37103af82cba3eec5a6799457bccb0d7dbccd9feba1cd0c0d3510b935ee8af7b	
UploadFiles/xwzx/2025/1/202501221039187051.gif	UploadFiles/xwzx/2025/1/202501221039187051.gif	970	2e20adfa5746298c73e199693934f04f5416d373daa6dd0d5e73a337f2f36dff	2e20adfa5746298c73e199693934f04f5416d373daa6dd0d5e73a337f2f36dff	
UploadFiles/xwzx/2025/2/202502061528095506.png	UploadFiles/xwzx/2025/2/202502061528095506.png	92183	4ed3c452fa884315bf6b9dbaeed4a56bca8f989217eaa6b532071d5aac0d7f3f	4ed3c452fa884315bf6b9dbaeed4a56bca8f989217eaa6b532071d5aac0d7f3f	
UploadFiles/xwzx/2025/2/202502111508085455.png	UploadFiles/xwzx/2025/2/202502111508085455.png	23719	5a5376079b904679eb08f496cc81ee40b3ffd9fbb5d08dc887e86bfd44c8c14e	5a5376079b904679eb08f496cc81ee40b3ffd9fbb5d08dc887e86bfd44c8c14e	
UploadFiles/xwzx/2025/2/202502140740529845.png	UploadFiles/xwzx/2025/2/202502140740529845.png	195419	3dde213e7c083719203a44748e20b1b409754b7399f2b0ec6f8c6a0ff044bdbc	3dde213e7c083719203a44748e20b1b409754b7399f2b0ec6f8c6a0ff044bdbc	
UploadFiles/xwzx/2025/2/202502141416568190.png	UploadFiles/xwzx/2025/2/202502141416568190.png	24944	b483ff957f41eadac4678319bc3df871df8215a752eb0b224bf23e5bac164d73	b483ff957f41eadac4678319bc3df871df8215a752eb0b224bf23e5bac164d73	
UploadFiles/xwzx/2025/2/202502141418165875.png	UploadFiles/xwzx/2025/2/202502141418165875.png	14639	b617a880bfcb6a549d01ebf52803cd47d7f5542c8f16b49a3a68dd4c88f33568	b617a880bfcb6a549d01ebf52803cd47d7f5542c8f16b49a3a68dd4c88f33568	
UploadFiles/xwzx/2025/2/202502141421394766.png	UploadFiles/xwzx/2025/2/202502141421394766.png	121012	0fc88e527982110001265536ec2ced7c1c67431e01f817defa928a661a1ccdf5	0fc88e527982110001265536ec2ced7c1c67431e01f817defa928a661a1ccdf5	
UploadFiles/xwzx/2025/2/202502141652533026.png	UploadFiles/xwzx/2025/2/202502141652533026.png	24269	8581779c864f03eb45993f1e2ea8ffa1ca0b698e3f470421432ff6957e552bc6	8581779c864f03eb45993f1e2ea8ffa1ca0b698e3f470421432ff6957e552bc6	
UploadFiles/xwzx/2025/2/202502141700370209.png	UploadFiles/xwzx/2025/2/202502141700370209.png	18215	fbe5626ea2f505c67763066280970f6f4aa0f4445c1da15df6b5598ec4648f1b	fbe5626ea2f505c67763066280970f6f4aa0f4445c1da15df6b5598ec4648f1b	
UploadFiles/xwzx/2025/2/202502141700516745.png	UploadFiles/xwzx/2025/2/202502141700516745.png	17690	fa934f22b979ca8c8ce4803ebe77891ad29bc495891ea763f3e5b8fe5cafa4a2	fa934f22b979ca8c8ce4803ebe77891ad29bc495891ea763f3e5b8fe5cafa4a2	
UploadFiles/xwzx/2025/2/202502170742585973.JPG	UploadFiles/xwzx/2025/2/202502170742585973.jpg	150730	a232fa629c88beb1169b82abea59bda1047899d2dbf378f8a7b799f5ea41996f	a232fa629c88beb1169b82abea59bda1047899d2dbf378f8a7b799f5ea41996f	
UploadFiles/xwzx/2025/2/202502171023100919.png	UploadFiles/xwzx/2025/2/202502171023100919.png	58151	b631a82ca1af41208507d36e938570a9fd4c27525d33b63d2f52d8f840e0188f	b631a82ca1af41208507d36e938570a9fd4c27525d33b63d2f52d8f840e0188f	
UploadFiles/xwzx/2025/2/202502181251578146.png	UploadFiles/xwzx/2025/2/202502181251578146.png	77100	aa7f09cb4b441a4548b3e9a27c5306e172ed156972919dbf4aca5109ab7b1012	aa7f09cb4b441a4548b3e9a27c5306e172ed156972919dbf4aca5109ab7b1012	
UploadFiles/xwzx/2025/2/202502181404552268.png	UploadFiles/xwzx/2025/2/202502181404552268.png	34816	f07d17787a6a796eb53bb350a86ffab97ef50a5efe8937a82ab38dc959aa51ac	f07d17787a6a796eb53bb350a86ffab97ef50a5efe8937a82ab38dc959aa51ac	
UploadFiles/xwzx/2025/2/202502181447477143.png	UploadFiles/xwzx/2025/2/202502181447477143.png	60684	c2256dca2e90512803b63152af9d1981c9c93dcdec0e115debe2b2f0674b6ba5	c2256dca2e90512803b63152af9d1981c9c93dcdec0e115debe2b2f0674b6ba5	
UploadFiles/xwzx/2025/2/202502181510418819.png	UploadFiles/xwzx/2025/2/202502181510418819.png	100410	5bd93a986cca6decdfdcae1d659bf7ac1b925915e5eb1e1f8731198fbfec2689	5bd93a986cca6decdfdcae1d659bf7ac1b925915e5eb1e1f8731198fbfec2689	
UploadFiles/xwzx/2025/2/202502191113038643.png	UploadFiles/xwzx/2025/2/202502191113038643.png	6680	39a1fad70872401f44e1a4cf6a1bdd02e3237238443af5aa924df81d96e3f024	39a1fad70872401f44e1a4cf6a1bdd02e3237238443af5aa924df81d96e3f024	
UploadFiles/xwzx/2025/2/202502200919565593.png	UploadFiles/xwzx/2025/2/202502200919565593.png	99481	565a3d1a17eee687dc389ee3418efbe9ed25e906e8220db8f23ec9fda21b39b4	565a3d1a17eee687dc389ee3418efbe9ed25e906e8220db8f23ec9fda21b39b4	
UploadFiles/xwzx/2025/2/202502201513441195.png	UploadFiles/xwzx/2025/2/202502201513441195.png	99199	6cc541691cf14596d2f73f3b5f06a9324ad0d16aee3b12cf175bd6aa3497bf60	6cc541691cf14596d2f73f3b5f06a9324ad0d16aee3b12cf175bd6aa3497bf60	
UploadFiles/xwzx/2025/2/202502211030091187.png	UploadFiles/xwzx/2025/2/202502211030091187.png	4379	ac2446083deee4c369536f50971da949809017a3658ae6469a57261005e12f4d	ac2446083deee4c369536f50971da949809017a3658ae6469a57261005e12f4d	
UploadFiles/xwzx/2025/2/202502211444182317.png	UploadFiles/xwzx/2025/2/202502211444182317.png	37683	2fa26d0ef0d1cc2339496a65ef16c2e089610f4509eb555b6f31798bc22a2fdc	2fa26d0ef0d1cc2339496a65ef16c2e089610f4509eb555b6f31798bc22a2fdc	
UploadFiles/xwzx/2025/2/202502211445399061.png	UploadFiles/xwzx/2025/2/202502211445399061.png	98945	3cb6906e20343947182d0547d6fc280f5806c4330f437db6f2f92e280d8bc8a0	3cb6906e20343947182d0547d6fc280f5806c4330f437db6f2f92e280d8bc8a0	
UploadFiles/xwzx/2025/2/202502211635251693.png	UploadFiles/xwzx/2025/2/202502211635251693.png	6793	a39cd63f51fdb8fc2618f8fee4317633c4efc99600a90db5ddde20d079952757	a39cd63f51fdb8fc2618f8fee4317633c4efc99600a90db5ddde20d079952757	
UploadFiles/xwzx/2025/2/202502241035059278.png	UploadFiles/xwzx/2025/2/202502241035059278.png	99138	e79763c9a6e711e6a98e135b396257d728d00c45b1b964f5c0d8760253160ce5	e79763c9a6e711e6a98e135b396257d728d00c45b1b964f5c0d8760253160ce5	
UploadFiles/xwzx/2025/2/202502260937434827.png	UploadFiles/xwzx/2025/2/202502260937434827.png	99216	20f4e0dd66dc7aa9c93a4dc84658b5bc72a0f16962537a2e0a13d5239dadc781	20f4e0dd66dc7aa9c93a4dc84658b5bc72a0f16962537a2e0a13d5239dadc781	
UploadFiles/xwzx/2025/2/202502261431173932.jpg	UploadFiles/xwzx/2025/2/202502261431173932.jpg	14000	657eedd9ffd0589c362ec8b2a63d537ea75e531df344fa6d22b3061ab823089c	657eedd9ffd0589c362ec8b2a63d537ea75e531df344fa6d22b3061ab823089c	
UploadFiles/xwzx/2025/2/202502261431287047.jpg	UploadFiles/xwzx/2025/2/202502261431287047.jpg	65694	1d3bb455362bdbcbdd1ef1fcbc3028b43fd6a780934dbe352cd7435d27b75dea	1d3bb455362bdbcbdd1ef1fcbc3028b43fd6a780934dbe352cd7435d27b75dea	
UploadFiles/xwzx/2025/2/202502261522483714.png	UploadFiles/xwzx/2025/2/202502261522483714.png	99406	a73566eee980e0d3f395859bf548fd7fbb367d29c4f232fae0e88c1b9c89bc17	a73566eee980e0d3f395859bf548fd7fbb367d29c4f232fae0e88c1b9c89bc17	
UploadFiles/xwzx/2025/2/202502271053585093.png	UploadFiles/xwzx/2025/2/202502271053585093.png	5703590	09245883e6219507ab7e3fb5a4657b611c69090765e30287c7369744e57ad5cb	09245883e6219507ab7e3fb5a4657b611c69090765e30287c7369744e57ad5cb	
UploadFiles/xwzx/2025/2/202502280907281106.png	UploadFiles/xwzx/2025/2/202502280907281106.png	60015	24dd61b0c0de4cbb7064b7b74f7a9ca75c696606a11ddb1fd05c5de746d6b576	24dd61b0c0de4cbb7064b7b74f7a9ca75c696606a11ddb1fd05c5de746d6b576	
UploadFiles/xwzx/2025/2/202502280910364874.png	UploadFiles/xwzx/2025/2/202502280910364874.png	76745	430f154f2852349f7b00c6b72fd35abcade2543437d990f4d2dc5ac475277e5d	430f154f2852349f7b00c6b72fd35abcade2543437d990f4d2dc5ac475277e5d	
UploadFiles/xwzx/2025/2/202502281657061745.jpg	UploadFiles/xwzx/2025/2/202502281657061745.jpg	189851	f61952749e3af317b905ea2d348423185083bd3a279ca9b14700e7e9616e4acc	f61952749e3af317b905ea2d348423185083bd3a279ca9b14700e7e9616e4acc	
UploadFiles/xwzx/2025/2/202502281657078242.jpg	UploadFiles/xwzx/2025/2/202502281657078242.jpg	266269	2c889374adad96ecb0b5a3e8f0b632aca81c717b48a9f2a1c9086e7f43a01e10	2c889374adad96ecb0b5a3e8f0b632aca81c717b48a9f2a1c9086e7f43a01e10	
UploadFiles/xwzx/2025/3/202503031003172773.png	UploadFiles/xwzx/2025/3/202503031003172773.png	223664	b3e79e4b4daf767d08c00c03621384793ac41c227ce72948fcb4ff0dabc8e351	b3e79e4b4daf767d08c00c03621384793ac41c227ce72948fcb4ff0dabc8e351	
UploadFiles/xwzx/2025/3/202503031007090178.png	UploadFiles/xwzx/2025/3/202503031007090178.png	205699	99e49b587f783d6121064ae22fc4d7f45cc894620373c91f1d3f910b662cc057	99e49b587f783d6121064ae22fc4d7f45cc894620373c91f1d3f910b662cc057	
UploadFiles/xwzx/2025/3/202503031426499493.png	UploadFiles/xwzx/2025/3/202503031426499493.png	98816	4378a6dfab70cd16442d0e69d8ae80d49c59b20bbc70fefb282e27870a0c1ffe	4378a6dfab70cd16442d0e69d8ae80d49c59b20bbc70fefb282e27870a0c1ffe	
UploadFiles/xwzx/2025/3/202503040921057835.png	UploadFiles/xwzx/2025/3/202503040921057835.png	101900	bd6fa08d99995d4507faf2522454f5ed3829900bc8daae1e7bdbbce1cf6eb7f0	bd6fa08d99995d4507faf2522454f5ed3829900bc8daae1e7bdbbce1cf6eb7f0	
UploadFiles/xwzx/2025/3/202503040930310945.png	UploadFiles/xwzx/2025/3/202503040930310945.png	99098	00cadb33f8e248e32c708136d507fc19b3dd23557c35a6a9074334c109e00148	00cadb33f8e248e32c708136d507fc19b3dd23557c35a6a9074334c109e00148	
UploadFiles/xwzx/2025/3/202503040932334255.png	UploadFiles/xwzx/2025/3/202503040932334255.png	99303	67b26debdfad1d309645ee0eb7f7793a39fd16511ac6f722d575a2944a9db25a	67b26debdfad1d309645ee0eb7f7793a39fd16511ac6f722d575a2944a9db25a	
UploadFiles/xwzx/2025/3/202503040934226518.png	UploadFiles/xwzx/2025/3/202503040934226518.png	98755	09b4346f2ca1c6e22dd370f95b9ab5dcce107f3fcf8404f556ba93fae6aaf94c	09b4346f2ca1c6e22dd370f95b9ab5dcce107f3fcf8404f556ba93fae6aaf94c	
UploadFiles/xwzx/2025/3/202503041038520130.png	UploadFiles/xwzx/2025/3/202503041038520130.png	45796	f1e5ac90eaeb302bf2f53922e5d948844e72b8cd6f4d1bd7cfb381c35e58f9b1	f1e5ac90eaeb302bf2f53922e5d948844e72b8cd6f4d1bd7cfb381c35e58f9b1	
UploadFiles/xwzx/2025/3/202503041038565831.png	UploadFiles/xwzx/2025/3/202503041038565831.png	20539	e4c8b94ef71139b86aa2a990b2f13404199784ac699f0a604f97d0e29a4ab9c1	e4c8b94ef71139b86aa2a990b2f13404199784ac699f0a604f97d0e29a4ab9c1	
UploadFiles/xwzx/2025/3/202503041045486019.png	UploadFiles/xwzx/2025/3/202503041045486019.png	648130	aed77033e1a042cc92cb89037e00bc2ac3104b2b756b0dfecfe82b77f53fabfd	aed77033e1a042cc92cb89037e00bc2ac3104b2b756b0dfecfe82b77f53fabfd	
UploadFiles/xwzx/2025/3/202503041046178300.png	UploadFiles/xwzx/2025/3/202503041046178300.png	906438	2819368c120856ab2a899039f6e82dfb9a80026575edc30982f751b48b34364a	2819368c120856ab2a899039f6e82dfb9a80026575edc30982f751b48b34364a	
UploadFiles/xwzx/2025/3/202503041046308363.png	UploadFiles/xwzx/2025/3/202503041046308363.png	530714	fb74ceef286d3c8c77e6cf26b8d6c3c71a5a600d2116f2dbb7ba294c00c33a23	fb74ceef286d3c8c77e6cf26b8d6c3c71a5a600d2116f2dbb7ba294c00c33a23	
UploadFiles/xwzx/2025/3/202503041046586313.png	UploadFiles/xwzx/2025/3/202503041046586313.png	222718	9a6b8a4c8faab06580f1543ab692137ff92c668b4831b77d3c5f3131ac0f015c	9a6b8a4c8faab06580f1543ab692137ff92c668b4831b77d3c5f3131ac0f015c	
UploadFiles/xwzx/2025/3/202503041047021055.png	UploadFiles/xwzx/2025/3/202503041047021055.png	98678	43392e8f22b41beda50786161475c8d6c17033e1fa3a4914c62f4c5bc6818a0b	43392e8f22b41beda50786161475c8d6c17033e1fa3a4914c62f4c5bc6818a0b	
UploadFiles/xwzx/2025/3/202503041047025326.png	UploadFiles/xwzx/2025/3/202503041047025326.png	166856	0ea7036afab7e3d34720e5ffb46877f6dc11ea4bbcd8ec4afce81b7eab84ba64	0ea7036afab7e3d34720e5ffb46877f6dc11ea4bbcd8ec4afce81b7eab84ba64	
UploadFiles/xwzx/2025/3/202503041047064836.png	UploadFiles/xwzx/2025/3/202503041047064836.png	106258	42739fee934a5bc17428a6100b834e52477328e60cc072a1b7fdad6e9fb55740	42739fee934a5bc17428a6100b834e52477328e60cc072a1b7fdad6e9fb55740	
UploadFiles/xwzx/2025/3/202503041047079513.png	UploadFiles/xwzx/2025/3/202503041047079513.png	133886	079bb2f358c624999f53dd9f6a04c4cd1d8b5b19cd2a17f74c02bdf850a8f4c1	079bb2f358c624999f53dd9f6a04c4cd1d8b5b19cd2a17f74c02bdf850a8f4c1	
UploadFiles/xwzx/2025/3/202503041834117088.gif	UploadFiles/xwzx/2025/3/202503041834117088.gif	970	2e20adfa5746298c73e199693934f04f5416d373daa6dd0d5e73a337f2f36dff	2e20adfa5746298c73e199693934f04f5416d373daa6dd0d5e73a337f2f36dff	
UploadFiles/xwzx/2025/3/202503050922597001.png	UploadFiles/xwzx/2025/3/202503050922597001.png	12820	5d7692653acd092530a8909dbcddcabcc2fb986b1fe85a6b98d0ca065eff9279	5d7692653acd092530a8909dbcddcabcc2fb986b1fe85a6b98d0ca065eff9279	
UploadFiles/xwzx/2025/3/202503061004375946.png	UploadFiles/xwzx/2025/3/202503061004375946.png	99941	db71225b70f7c4c0f10c9533d967b9d145aba7aae851cec105eced9119713730	db71225b70f7c4c0f10c9533d967b9d145aba7aae851cec105eced9119713730	
UploadFiles/xwzx/2025/3/202503061645574935.png	UploadFiles/xwzx/2025/3/202503061645574935.png	98786	433d1225f69d0991476ffa4f59088b72fb49bc61697beca0cb88e41268b2ba75	433d1225f69d0991476ffa4f59088b72fb49bc61697beca0cb88e41268b2ba75	
UploadFiles/xwzx/2025/3/202503070819594734.JPG	UploadFiles/xwzx/2025/3/202503070819594734.jpg	4051574	cbafc55b2f088cbebc16f613ef885e8399bc63138554fd96a5246ce449452601	cbafc55b2f088cbebc16f613ef885e8399bc63138554fd96a5246ce449452601	
UploadFiles/xwzx/2025/3/202503070819595211.JPG	UploadFiles/xwzx/2025/3/202503070819595211.jpg	3861847	788edccca21e97aa02fb6a0c609206cef2bf85155a5e3676bba002b871586f50	788edccca21e97aa02fb6a0c609206cef2bf85155a5e3676bba002b871586f50	
UploadFiles/xwzx/2025/3/202503070819599212.JPG	UploadFiles/xwzx/2025/3/202503070819599212.jpg	3680881	ef68a1a39c0adf902777b5997160fb697d28a3ade23579f34859e705d4eb702b	ef68a1a39c0adf902777b5997160fb697d28a3ade23579f34859e705d4eb702b	
UploadFiles/xwzx/2025/3/202503070820018139.JPG	UploadFiles/xwzx/2025/3/202503070820018139.jpg	3767190	59250b9d8f0ebfc61629785d4591a8a582b8fe724f8848a69fbbf8f2c4db1dd4	59250b9d8f0ebfc61629785d4591a8a582b8fe724f8848a69fbbf8f2c4db1dd4	
UploadFiles/xwzx/2025/3/202503070820021729.JPG	UploadFiles/xwzx/2025/3/202503070820021729.jpg	3785780	85165972a2603ba8bf428635391c55ca1c68be2667af586d5a1839fc9f186e57	85165972a2603ba8bf428635391c55ca1c68be2667af586d5a1839fc9f186e57	
UploadFiles/xwzx/2025/3/202503070820033449.JPG	UploadFiles/xwzx/2025/3/202503070820033449.jpg	4132065	f382d31bf378a9962c0246667f1389ff2c7c947f2464b5a761af27ae69c71a5a	f382d31bf378a9962c0246667f1389ff2c7c947f2464b5a761af27ae69c71a5a	
UploadFiles/xwzx/2025/3/202503070820035126.JPG	UploadFiles/xwzx/2025/3/202503070820035126.jpg	3354914	4985980b9a30065c0c476d8bbfb310d5f37df8c73f8decbd756520dbd189c207	4985980b9a30065c0c476d8bbfb310d5f37df8c73f8decbd756520dbd189c207	
UploadFiles/xwzx/2025/3/202503070822100919.JPG	UploadFiles/xwzx/2025/3/202503070822100919.jpg	467100	517ca255a2a6b6fec9265aee3006149dff30d913a3d44b66d7b0696b49bcb531	517ca255a2a6b6fec9265aee3006149dff30d913a3d44b66d7b0696b49bcb531	
UploadFiles/xwzx/2025/3/202503070822101767.JPG	UploadFiles/xwzx/2025/3/202503070822101767.jpg	599143	7a8d768e10b7e48f91c860c0f003dda436a2c1d27f7d63231a1531ffedcb71e4	7a8d768e10b7e48f91c860c0f003dda436a2c1d27f7d63231a1531ffedcb71e4	
UploadFiles/xwzx/2025/3/202503070822109916.jpg	UploadFiles/xwzx/2025/3/202503070822109916.jpg	168857	61df5dc34844ff572cf91c5bed523a98a73836620513ac2a811303657f81a8e0	61df5dc34844ff572cf91c5bed523a98a73836620513ac2a811303657f81a8e0	
UploadFiles/xwzx/2025/3/202503070822110391.JPG	UploadFiles/xwzx/2025/3/202503070822110391.jpg	308610	1df1ea66d6756cb2418a5a85ba2ff8c68749fe6f57ae5d315a7b54adb3d77bdb	1df1ea66d6756cb2418a5a85ba2ff8c68749fe6f57ae5d315a7b54adb3d77bdb	
UploadFiles/xwzx/2025/3/202503070822111278.JPG	UploadFiles/xwzx/2025/3/202503070822111278.jpg	307480	26e51c1682d520525376112dacb036944272ffb4bf8dc688148ac65d4f853021	26e51c1682d520525376112dacb036944272ffb4bf8dc688148ac65d4f853021	
UploadFiles/xwzx/2025/3/202503070822111830.JPG	UploadFiles/xwzx/2025/3/202503070822111830.jpg	424313	03af257d22c64ddc7952e1af8af8c62d6a02797a027830858799ce8ae4576b2d	03af257d22c64ddc7952e1af8af8c62d6a02797a027830858799ce8ae4576b2d	
UploadFiles/xwzx/2025/3/202503070822113043.JPG	UploadFiles/xwzx/2025/3/202503070822113043.jpg	418572	eb6eef4fefaaabeadd50648ae488834aecf6ba3a812b9a5cf082a3a8601476b2	eb6eef4fefaaabeadd50648ae488834aecf6ba3a812b9a5cf082a3a8601476b2	
UploadFiles/xwzx/2025/3/202503070822115474.JPG	UploadFiles/xwzx/2025/3/202503070822115474.jpg	429567	b4316e58116790abbc86b0e1c8fd81ea81d6a0d5c7b37a8fd4d0e2ce2409cfbb	b4316e58116790abbc86b0e1c8fd81ea81d6a0d5c7b37a8fd4d0e2ce2409cfbb	
UploadFiles/xwzx/2025/3/202503070822122318.JPG	UploadFiles/xwzx/2025/3/202503070822122318.jpg	451431	fb930bdcf6a98043ff131c49ac1dab234ec7e8ef9897ecc2efec2f8d59bb7112	fb930bdcf6a98043ff131c49ac1dab234ec7e8ef9897ecc2efec2f8d59bb7112	
UploadFiles/xwzx/2025/3/202503070822129598.JPG	UploadFiles/xwzx/2025/3/202503070822129598.jpg	582784	d0e0613416425cfff6407e6a23b143d5a883744a89651aecf472444233578a27	d0e0613416425cfff6407e6a23b143d5a883744a89651aecf472444233578a27	
UploadFiles/xwzx/2025/3/202503070822170417.jpg	UploadFiles/xwzx/2025/3/202503070822170417.jpg	3985096	e08ee8365a52f480a5e4489e8142dbb40bd668cba3f5f7b1cc306d2d29b110e2	e08ee8365a52f480a5e4489e8142dbb40bd668cba3f5f7b1cc306d2d29b110e2	
UploadFiles/xwzx/2025/3/202503070822180313.jpg	UploadFiles/xwzx/2025/3/202503070822180313.jpg	13614922	be4504bfd24ad80a84732a60d2c5777adde00ccdbecd3998d576dcb70fb1c355	be4504bfd24ad80a84732a60d2c5777adde00ccdbecd3998d576dcb70fb1c355	
UploadFiles/xwzx/2025/3/202503070822216278.JPG	UploadFiles/xwzx/2025/3/202503070822216278.jpg	10099080	692525620de489b4a4841fad750c41112cd85306e3761652441afd51c9c92032	692525620de489b4a4841fad750c41112cd85306e3761652441afd51c9c92032	
UploadFiles/xwzx/2025/3/202503070822221069.jpg	UploadFiles/xwzx/2025/3/202503070822221069.jpg	5003565	8fd607773d50c665997cb13b86b26c618dd526b36c42612fc732ac03be648285	8fd607773d50c665997cb13b86b26c618dd526b36c42612fc732ac03be648285	
UploadFiles/xwzx/2025/3/202503070826355716.jpg	UploadFiles/xwzx/2025/3/202503070826355716.jpg	1072532	21d50c1be7dddb3e7c070fedd667d8b0572a9121e2af5164a7cad8f0cd4c6704	21d50c1be7dddb3e7c070fedd667d8b0572a9121e2af5164a7cad8f0cd4c6704	
UploadFiles/xwzx/2025/3/202503070826362782.jpg	UploadFiles/xwzx/2025/3/202503070826362782.jpg	1384494	5f3ebf5ab778df0090d63c289f6dc54b7d4200e0e1ab0a61183b79f33df7930e	5f3ebf5ab778df0090d63c289f6dc54b7d4200e0e1ab0a61183b79f33df7930e	
UploadFiles/xwzx/2025/3/202503070826384646.JPG	UploadFiles/xwzx/2025/3/202503070826384646.jpg	5098305	ef7b71eb6092937bd95d6c003836ae619ef03f3b1790d9e315f24c65fc5e839f	ef7b71eb6092937bd95d6c003836ae619ef03f3b1790d9e315f24c65fc5e839f	
UploadFiles/xwzx/2025/3/202503070826401026.JPG	UploadFiles/xwzx/2025/3/202503070826401026.jpg	4621498	89b2d0c3b68121f4cbb8431fcbc271042045975f8463e499d25e81c6025ee811	89b2d0c3b68121f4cbb8431fcbc271042045975f8463e499d25e81c6025ee811	
UploadFiles/xwzx/2025/3/202503070826423889.JPG	UploadFiles/xwzx/2025/3/202503070826423889.jpg	4959739	9e4c8efe63eedbe5a880e0eba978753883d0451ab64035f8c3fdf2d4d51c22e3	9e4c8efe63eedbe5a880e0eba978753883d0451ab64035f8c3fdf2d4d51c22e3	
UploadFiles/xwzx/2025/3/202503070826433379.JPG	UploadFiles/xwzx/2025/3/202503070826433379.jpg	5697069	9e5d76239936256cc4ef24e4d77785596c1f72333e2025b9bf73f7b8eb379f8b	9e5d76239936256cc4ef24e4d77785596c1f72333e2025b9bf73f7b8eb379f8b	
UploadFiles/xwzx/2025/3/202503070826439632.JPG	UploadFiles/xwzx/2025/3/202503070826439632.jpg	5603605	2e5f4dc649f1ff1ddeb9f14f6579ec6eb1964f9dab86d0ca4ec083883bc217f2	2e5f4dc649f1ff1ddeb9f14f6579ec6eb1964f9dab86d0ca4ec083883bc217f2	
UploadFiles/xwzx/2025/3/202503100840449355.png	UploadFiles/xwzx/2025/3/202503100840449355.png	570010	498b2b57be9aeb1c552c13de9ab92e1691deb0c04d5839dc3dc7faa0567a3f81	498b2b57be9aeb1c552c13de9ab92e1691deb0c04d5839dc3dc7faa0567a3f81	
UploadFiles/xwzx/2025/3/202503100849449100.png	UploadFiles/xwzx/2025/3/202503100849449100.png	505768	c03b38ef3deaa229a36976680a2be88d3b8f674c0b800602880326ab42fbaf95	c03b38ef3deaa229a36976680a2be88d3b8f674c0b800602880326ab42fbaf95	
UploadFiles/xwzx/2025/3/202503101238306932.jpg	UploadFiles/xwzx/2025/3/202503101238306932.jpg	39511	53334ec6b0a08a1395d6c1537c7db3ec9ad7fefb71aac2950468a5f6cd46147a	53334ec6b0a08a1395d6c1537c7db3ec9ad7fefb71aac2950468a5f6cd46147a	
UploadFiles/xwzx/2025/3/202503101238541233.jpg	UploadFiles/xwzx/2025/3/202503101238541233.jpg	22864	18f0db731a50aa9444fde7e0f2c1952608e3f71e4c5ec0061028b5d155f5fd7a	18f0db731a50aa9444fde7e0f2c1952608e3f71e4c5ec0061028b5d155f5fd7a	
UploadFiles/xwzx/2025/3/202503101240540436.jpg	UploadFiles/xwzx/2025/3/202503101240540436.jpg	23090	055ab107173b24fbabff1cd458bad32346b21e5c5c4170aeadbef6d8492512e2	055ab107173b24fbabff1cd458bad32346b21e5c5c4170aeadbef6d8492512e2	
UploadFiles/xwzx/2025/3/202503101241269699.jpg	UploadFiles/xwzx/2025/3/202503101241269699.jpg	19187	e51a6cbf227cc55cd4ae7ebdae19eb7e1bcf77cf99f0d1e757d194a32eaae414	e51a6cbf227cc55cd4ae7ebdae19eb7e1bcf77cf99f0d1e757d194a32eaae414	
UploadFiles/xwzx/2025/3/202503101450562704.png	UploadFiles/xwzx/2025/3/202503101450562704.png	98209	3f3ab981179ebf8be559cdb824c6e408ff857542df5e36f2aead446f9c36ffd7	3f3ab981179ebf8be559cdb824c6e408ff857542df5e36f2aead446f9c36ffd7	
UploadFiles/xwzx/2025/3/202503110632344454.png	UploadFiles/xwzx/2025/3/202503110632344454.png	12854253	38cfef69e0a88dfbc99d9e7839403a27345296e07fe071e140e9ee082898be9e	38cfef69e0a88dfbc99d9e7839403a27345296e07fe071e140e9ee082898be9e	
UploadFiles/xwzx/2025/3/202503110632345105.png	UploadFiles/xwzx/2025/3/202503110632345105.png	3217767	b79e6712810fee5010c4d70ff98a01efecc1dd9e1206350552112e8dfa6958b8	b79e6712810fee5010c4d70ff98a01efecc1dd9e1206350552112e8dfa6958b8	
UploadFiles/xwzx/2025/3/202503110632347029.png	UploadFiles/xwzx/2025/3/202503110632347029.png	1246779	53c439215bca43f123b7a4f9e5b3de66c825faf68a4ff5b210f5f477a76ce44c	53c439215bca43f123b7a4f9e5b3de66c825faf68a4ff5b210f5f477a76ce44c	
UploadFiles/xwzx/2025/3/202503111033093179.png	UploadFiles/xwzx/2025/3/202503111033093179.png	99745	26d3495e5b7501fe636785fe1e9e0487181df2d0cf2b888a6515ec6ab9bbc463	26d3495e5b7501fe636785fe1e9e0487181df2d0cf2b888a6515ec6ab9bbc463	
UploadFiles/xwzx/2025/3/202503111035076686.png	UploadFiles/xwzx/2025/3/202503111035076686.png	98098	b7ec70911d8c1507486289f5243bc3b8851343501cd25b8bcf56c5040703dae0	b7ec70911d8c1507486289f5243bc3b8851343501cd25b8bcf56c5040703dae0	
UploadFiles/xwzx/2025/3/202503111036409614.png	UploadFiles/xwzx/2025/3/202503111036409614.png	97240	48219f529477d02736b7907b3649d92903976c2513c9be7718cab6c8ced300ce	48219f529477d02736b7907b3649d92903976c2513c9be7718cab6c8ced300ce	
UploadFiles/xwzx/2025/3/202503111517053473.png	UploadFiles/xwzx/2025/3/202503111517053473.png	84300	9d4c23572bafd5619aabfba176fd9028e78cb5756d3db87b7940fc732b1b7d6e	9d4c23572bafd5619aabfba176fd9028e78cb5756d3db87b7940fc732b1b7d6e	
UploadFiles/xwzx/2025/3/202503121525230465.jpg	UploadFiles/xwzx/2025/3/202503121525230465.jpg	10660	91ea57188b3f3503ea0feb8e3d0ba4a2f6557cef74d29d6200cbd1fb5421d205	91ea57188b3f3503ea0feb8e3d0ba4a2f6557cef74d29d6200cbd1fb5421d205	
UploadFiles/xwzx/2025/3/202503121525440764.jpg	UploadFiles/xwzx/2025/3/202503121525440764.jpg	33137	0c8f7a1174dff1093c2103faa4f82d68b87f6ade69feb02713c236d540e0f62c	0c8f7a1174dff1093c2103faa4f82d68b87f6ade69feb02713c236d540e0f62c	
UploadFiles/xwzx/2025/3/202503131159046052.png	UploadFiles/xwzx/2025/3/202503131159046052.png	224948	1eba26f7fff225163db70cf2be43901b6d6e75a891ab045501e37a61fef36ea0	1eba26f7fff225163db70cf2be43901b6d6e75a891ab045501e37a61fef36ea0	
UploadFiles/xwzx/2025/3/202503131434573569.png	UploadFiles/xwzx/2025/3/202503131434573569.png	65909	bfd314ef3406ac6c77decf1fcf3bff7b9a291217018c628b081f0653657496b7	bfd314ef3406ac6c77decf1fcf3bff7b9a291217018c628b081f0653657496b7	
UploadFiles/xwzx/2025/3/202503131434577152.png	UploadFiles/xwzx/2025/3/202503131434577152.png	15080	78163fec092c8c0c094abe38011c910dc6f29eaaf495ff259ad096d3b69597f8	78163fec092c8c0c094abe38011c910dc6f29eaaf495ff259ad096d3b69597f8	
UploadFiles/xwzx/2025/3/202503131617056793.png	UploadFiles/xwzx/2025/3/202503131617056793.png	77167	7d9994bcd120d4b8ab8518841796d30d83ce743b81c912289c64962449af29a2	7d9994bcd120d4b8ab8518841796d30d83ce743b81c912289c64962449af29a2	
UploadFiles/xwzx/2025/3/202503131617064743.png	UploadFiles/xwzx/2025/3/202503131617064743.png	60326	3159afec287ba8d9194af98e5868a73cfeeaae40d20edfeee254d5f03965fe9f	3159afec287ba8d9194af98e5868a73cfeeaae40d20edfeee254d5f03965fe9f	
UploadFiles/xwzx/2025/3/202503140820233728.png	UploadFiles/xwzx/2025/3/202503140820233728.png	97734	a1fb1af2f325131a3fc1f4a5dd5d5ff4cbdf71de58e1be6f1c370055150941c5	a1fb1af2f325131a3fc1f4a5dd5d5ff4cbdf71de58e1be6f1c370055150941c5	
UploadFiles/xwzx/2025/3/202503180919104725.png	UploadFiles/xwzx/2025/3/202503180919104725.png	432350	9005d3acfb412c5d170edd66ce0b70646fcde1e4a33f97ed017d9cd5577472c7	9005d3acfb412c5d170edd66ce0b70646fcde1e4a33f97ed017d9cd5577472c7	
UploadFiles/xwzx/2025/3/202503180919116904.png	UploadFiles/xwzx/2025/3/202503180919116904.png	3267109	1445f6d04db407834c85df8995fe5af5a3f18633497e7a7e209007b1bb1414d5	1445f6d04db407834c85df8995fe5af5a3f18633497e7a7e209007b1bb1414d5	
UploadFiles/xwzx/2025/3/202503180919121689.png	UploadFiles/xwzx/2025/3/202503180919121689.png	1404839	e047258117a123c3e3d326a2d132922760f3a2024dfe8419bf14df3e5c8a400b	e047258117a123c3e3d326a2d132922760f3a2024dfe8419bf14df3e5c8a400b	
UploadFiles/xwzx/2025/3/202503180919128346.png	UploadFiles/xwzx/2025/3/202503180919128346.png	1076321	d975c1dd9686ffa154180c7d2669682b2c6bada2ac6e70dd83ad721e18567d8c	d975c1dd9686ffa154180c7d2669682b2c6bada2ac6e70dd83ad721e18567d8c	
UploadFiles/xwzx/2025/3/202503180919130933.png	UploadFiles/xwzx/2025/3/202503180919130933.png	2065992	9e420a99c28ff50409079853fcd78275cba4526f8bbc02af2287add155eee02d	9e420a99c28ff50409079853fcd78275cba4526f8bbc02af2287add155eee02d	
UploadFiles/xwzx/2025/3/202503180919132025.png	UploadFiles/xwzx/2025/3/202503180919132025.png	1404833	b72d6f947ff5d5ce66ee9db726c787af72a299eddd7131f3e58f7ed221da280f	b72d6f947ff5d5ce66ee9db726c787af72a299eddd7131f3e58f7ed221da280f	
UploadFiles/xwzx/2025/3/202503180919139461.png	UploadFiles/xwzx/2025/3/202503180919139461.png	1723577	a7e8861ddf759031e48c06fe1a36374128fbf201631cc1a2d3adc78a60c59678	a7e8861ddf759031e48c06fe1a36374128fbf201631cc1a2d3adc78a60c59678	
UploadFiles/xwzx/2025/3/202503181451326915.png	UploadFiles/xwzx/2025/3/202503181451326915.png	84345	7d75e2a4ba5a25120b620986ad576f6560365078a60fb51b310debc3235edaf4	7d75e2a4ba5a25120b620986ad576f6560365078a60fb51b310debc3235edaf4	
UploadFiles/xwzx/2025/3/202503191526324043.png	UploadFiles/xwzx/2025/3/202503191526324043.png	98128	88d56e081e8985a035f45e7125bf759c1024b3def3e622335f1ef998aa78e9e7	88d56e081e8985a035f45e7125bf759c1024b3def3e622335f1ef998aa78e9e7	
UploadFiles/xwzx/2025/3/202503201609550163.png	UploadFiles/xwzx/2025/3/202503201609550163.png	84119	f7966c6bddb18d96fd3b3a78660f1afff7aaa2438b4f0f85701c96eb3591417f	f7966c6bddb18d96fd3b3a78660f1afff7aaa2438b4f0f85701c96eb3591417f	
UploadFiles/xwzx/2025/3/202503201633379127.png	UploadFiles/xwzx/2025/3/202503201633379127.png	97286	8916d309bcf8e25bac97f8bdf6e9674fc64459b31ad2d99bef491ee951eed867	8916d309bcf8e25bac97f8bdf6e9674fc64459b31ad2d99bef491ee951eed867	
UploadFiles/xwzx/2025/3/202503201634093360.JPEG	UploadFiles/xwzx/2025/3/202503201634093360.jpeg	1270008	09dff30f92365ba9abb9262540b0677126d4200d76b6327a901e8fc3026abf70	09dff30f92365ba9abb9262540b0677126d4200d76b6327a901e8fc3026abf70	
UploadFiles/xwzx/2025/3/202503201634093900.JPEG	UploadFiles/xwzx/2025/3/202503201634093900.jpeg	1564934	fe7ea65f3fd84887f53efc330a38493bce33fd14866b0f410bb3a77dc8c8f87e	fe7ea65f3fd84887f53efc330a38493bce33fd14866b0f410bb3a77dc8c8f87e	
UploadFiles/xwzx/2025/3/202503201634099129.JPEG	UploadFiles/xwzx/2025/3/202503201634099129.jpeg	1417739	82bd4d675a4f46300f01d7fcf591f6065fa1913a2b0d7ef08488df78e1f94564	82bd4d675a4f46300f01d7fcf591f6065fa1913a2b0d7ef08488df78e1f94564	
UploadFiles/xwzx/2025/3/202503201634101260.JPEG	UploadFiles/xwzx/2025/3/202503201634101260.jpeg	655572	87f7fc140c8e910d566fb2646328a1d1654d0ba491639b9909848984ebe56a55	87f7fc140c8e910d566fb2646328a1d1654d0ba491639b9909848984ebe56a55	
UploadFiles/xwzx/2025/3/202503210858066408.png	UploadFiles/xwzx/2025/3/202503210858066408.png	84612	846589747931e517db3a2b65939f6f1753e29c4820ef0fe3c50b8647e7de00e2	846589747931e517db3a2b65939f6f1753e29c4820ef0fe3c50b8647e7de00e2	
UploadFiles/xwzx/2025/3/202503211412002098.JPEG	UploadFiles/xwzx/2025/3/202503211412002098.jpeg	1249854	44d24d298944c2840e4ad72b9cb2162663957c0f3c83703897a29057e84f10e4	44d24d298944c2840e4ad72b9cb2162663957c0f3c83703897a29057e84f10e4	
UploadFiles/xwzx/2025/3/202503211412004772.JPEG	UploadFiles/xwzx/2025/3/202503211412004772.jpeg	1441352	5b3121aaa15a6cc229af2fdb5f08294a4b8b049549b5354eeb2d016d899a1901	5b3121aaa15a6cc229af2fdb5f08294a4b8b049549b5354eeb2d016d899a1901	
UploadFiles/xwzx/2025/3/202503211412431641.JPEG	UploadFiles/xwzx/2025/3/202503211412431641.jpeg	989276	2939f3d9e4867818dafe121e3d621489ed1c6f406201006179b6db96d57da1d1	2939f3d9e4867818dafe121e3d621489ed1c6f406201006179b6db96d57da1d1	
UploadFiles/xwzx/2025/3/202503211528017336.gif	UploadFiles/xwzx/2025/3/202503211528017336.gif	1012	62c86a7776611273707faece405890b74a8c521b17a73e339875d8aa4f9ca361	62c86a7776611273707faece405890b74a8c521b17a73e339875d8aa4f9ca361	
UploadFiles/xwzx/2025/3/202503211554523640.png	UploadFiles/xwzx/2025/3/202503211554523640.png	84568	8011ec8dbf83dcdb8e21a8254f6372acea58087a7092f4142c655c73c05a9211	8011ec8dbf83dcdb8e21a8254f6372acea58087a7092f4142c655c73c05a9211	
UploadFiles/xwzx/2025/3/202503211556186922.png	UploadFiles/xwzx/2025/3/202503211556186922.png	98670	849344afecaaabaabd10615cfd1b4f8de47a9b7e76105d9646b1f12b4e9378d1	849344afecaaabaabd10615cfd1b4f8de47a9b7e76105d9646b1f12b4e9378d1	
UploadFiles/xwzx/2025/3/202503240846285854.png	UploadFiles/xwzx/2025/3/202503240846285854.png	99060	db54dffd77366e9a7e77e9f3edc25abc90dee4d63788ae8ab6379282812aeb4d	db54dffd77366e9a7e77e9f3edc25abc90dee4d63788ae8ab6379282812aeb4d	
UploadFiles/xwzx/2025/3/202503240847570691.png	UploadFiles/xwzx/2025/3/202503240847570691.png	97949	9339bd40bcbdd7f5d793aae4cdd0302a1a46085ab2ee5d886507cfbaf1e5631d	9339bd40bcbdd7f5d793aae4cdd0302a1a46085ab2ee5d886507cfbaf1e5631d	
UploadFiles/xwzx/2025/3/202503240851154996.png	UploadFiles/xwzx/2025/3/202503240851154996.png	99530	00edb0864493c354dd41621b927b43382716d653f173f5ebe6086b11aa824b00	00edb0864493c354dd41621b927b43382716d653f173f5ebe6086b11aa824b00	
UploadFiles/xwzx/2025/3/202503240853030389.png	UploadFiles/xwzx/2025/3/202503240853030389.png	97825	9a75c28aa56f5f90ac022c2c67cdd81c8971037d025bfebf584737a895705a30	9a75c28aa56f5f90ac022c2c67cdd81c8971037d025bfebf584737a895705a30	
UploadFiles/xwzx/2025/3/202503240857438628.png	UploadFiles/xwzx/2025/3/202503240857438628.png	98845	27daf25386e5532d053e18cddf80fe4d4bdd0fe2008ee97fdb364b1c19c133e7	27daf25386e5532d053e18cddf80fe4d4bdd0fe2008ee97fdb364b1c19c133e7	
UploadFiles/xwzx/2025/3/202503241435046942.png	UploadFiles/xwzx/2025/3/202503241435046942.png	96685	948400e02eb8f8c20b73fd80f9e91df3eebbea7b22c630ac9ff2ffcf3d297e8c	948400e02eb8f8c20b73fd80f9e91df3eebbea7b22c630ac9ff2ffcf3d297e8c	
UploadFiles/xwzx/2025/3/202503250858190719.JPG	UploadFiles/xwzx/2025/3/202503250858190719.jpg	2197816	df3df5df98644233d1ab6d6602590396ac41860e982f36d3d19af42a57eb46fb	df3df5df98644233d1ab6d6602590396ac41860e982f36d3d19af42a57eb46fb	
UploadFiles/xwzx/2025/3/202503250858209751.JPG	UploadFiles/xwzx/2025/3/202503250858209751.jpg	1455317	03373c57511f6eb3b4706af3404727e87f2b9694d014f19e4cb263994bb17c57	03373c57511f6eb3b4706af3404727e87f2b9694d014f19e4cb263994bb17c57	
UploadFiles/xwzx/2025/3/202503250858214293.JPG	UploadFiles/xwzx/2025/3/202503250858214293.jpg	2039630	1343e1f3f20e920532f73a562a035bd6d7ce76485a0ed0219b16f755ea6ab710	1343e1f3f20e920532f73a562a035bd6d7ce76485a0ed0219b16f755ea6ab710	
UploadFiles/xwzx/2025/3/202503250858232474.jpg	UploadFiles/xwzx/2025/3/202503250858232474.jpg	13763528	527e230c9df96fd140f22690b60081a7b9768a865916bfb18f88734de0a0b5c3	527e230c9df96fd140f22690b60081a7b9768a865916bfb18f88734de0a0b5c3	
UploadFiles/xwzx/2025/3/202503250859321436.jpg	UploadFiles/xwzx/2025/3/202503250859321436.jpg	2006181	1dac3c1074a49b800b9572df2ba147c6423f6e995f62e100248c1fa224f5c557	1dac3c1074a49b800b9572df2ba147c6423f6e995f62e100248c1fa224f5c557	
UploadFiles/xwzx/2025/3/202503250859350458.jpg	UploadFiles/xwzx/2025/3/202503250859350458.jpg	7073113	7d5817aeae06f6872f5519acc3887c586cbef0581aeb085ad1d88e6ecd891b50	7d5817aeae06f6872f5519acc3887c586cbef0581aeb085ad1d88e6ecd891b50	
UploadFiles/xwzx/2025/3/202503250859359764.jpg	UploadFiles/xwzx/2025/3/202503250859359764.jpg	2865142	bb1060021538989138ff226a01949a73d4cb6e7e06e55493536640ecf8b0a726	bb1060021538989138ff226a01949a73d4cb6e7e06e55493536640ecf8b0a726	
UploadFiles/xwzx/2025/3/202503250859368595.jpg	UploadFiles/xwzx/2025/3/202503250859368595.jpg	2331216	194349e7654d5f5dc5e70d1abcfa4600f5675d984424d1d0a491c53711fc3d9c	194349e7654d5f5dc5e70d1abcfa4600f5675d984424d1d0a491c53711fc3d9c	
UploadFiles/xwzx/2025/3/202503250859373805.jpg	UploadFiles/xwzx/2025/3/202503250859373805.jpg	1911806	c9bda91c8bfd70158948feeb6486f011a87b2183cbd3cec080d71548d820d0ec	c9bda91c8bfd70158948feeb6486f011a87b2183cbd3cec080d71548d820d0ec	
UploadFiles/xwzx/2025/3/202503250859373913.jpg	UploadFiles/xwzx/2025/3/202503250859373913.jpg	2343172	83ef5d64064a461477f04f69f28a076af57725fe8f207e97eb5dae5d18ac5b4c	83ef5d64064a461477f04f69f28a076af57725fe8f207e97eb5dae5d18ac5b4c	
UploadFiles/xwzx/2025/3/202503250859374883.jpg	UploadFiles/xwzx/2025/3/202503250859374883.jpg	1988043	831916a49922e7d00c1c938b087ad4b71885e0aec3d8d81ea1eaf9ef662e5cd6	831916a49922e7d00c1c938b087ad4b71885e0aec3d8d81ea1eaf9ef662e5cd6	
UploadFiles/xwzx/2025/3/202503250859377194.png	UploadFiles/xwzx/2025/3/202503250859377194.png	531399	db909886ae6fb194de4045af14361df638afa7ce7abcd517321803d4f22408a5	db909886ae6fb194de4045af14361df638afa7ce7abcd517321803d4f22408a5	
UploadFiles/xwzx/2025/3/202503251144198224.png	UploadFiles/xwzx/2025/3/202503251144198224.png	505768	c03b38ef3deaa229a36976680a2be88d3b8f674c0b800602880326ab42fbaf95	c03b38ef3deaa229a36976680a2be88d3b8f674c0b800602880326ab42fbaf95	
UploadFiles/xwzx/2025/3/202503251638115605.png	UploadFiles/xwzx/2025/3/202503251638115605.png	83707	53693edd65e90302a4527dbcdc6822d60341bac670e3c3f4b8e8de3a522750c3	53693edd65e90302a4527dbcdc6822d60341bac670e3c3f4b8e8de3a522750c3	
UploadFiles/xwzx/2025/3/202503261408534557.png	UploadFiles/xwzx/2025/3/202503261408534557.png	152125	48bad9e6d7bbb429e51ae1dd3c5284e68f79d769402463f467b725e26c836b9e	48bad9e6d7bbb429e51ae1dd3c5284e68f79d769402463f467b725e26c836b9e	
UploadFiles/xwzx/2025/3/202503261525575770.png	UploadFiles/xwzx/2025/3/202503261525575770.png	84035	511a1c7323d47e7adcf7966f90b1aad92e8def6c7b87c44fb73558bd38cae034	511a1c7323d47e7adcf7966f90b1aad92e8def6c7b87c44fb73558bd38cae034	
UploadFiles/xwzx/2025/3/202503261527458146.png	UploadFiles/xwzx/2025/3/202503261527458146.png	98156	bbb898f612c7e5aa1d3540ba369436f0d391f0c5e90a3fc92b73d85d5e5bfdc1	bbb898f612c7e5aa1d3540ba369436f0d391f0c5e90a3fc92b73d85d5e5bfdc1	
UploadFiles/xwzx/2025/3/202503281234173548.png	UploadFiles/xwzx/2025/3/202503281234173548.png	14216	1a7ff6fc7a30a2e62185de0037f798a3e46d76067c1c0d9e5591f887378540bd	1a7ff6fc7a30a2e62185de0037f798a3e46d76067c1c0d9e5591f887378540bd	
UploadFiles/xwzx/2025/3/202503281405420001.png	UploadFiles/xwzx/2025/3/202503281405420001.png	98281	6d4aa28c476af7dc2a3a18c24fd0274d756aeeaccfa2db11054d55f2a084d2da	6d4aa28c476af7dc2a3a18c24fd0274d756aeeaccfa2db11054d55f2a084d2da	
UploadFiles/xwzx/2025/3/202503281434587608.png	UploadFiles/xwzx/2025/3/202503281434587608.png	97902	9dc899b2f963ae1f21c37d8a46fff3f1776067c32747e7cd3fa673167881ebce	9dc899b2f963ae1f21c37d8a46fff3f1776067c32747e7cd3fa673167881ebce	
UploadFiles/xwzx/2025/3/202503281446489969.png	UploadFiles/xwzx/2025/3/202503281446489969.png	56111	56ff709b03fdc85df675b7ffc0433b73ddbb9202607113abca7f5075d9420176	56ff709b03fdc85df675b7ffc0433b73ddbb9202607113abca7f5075d9420176	
UploadFiles/xwzx/2025/3/202503281619257594.png	UploadFiles/xwzx/2025/3/202503281619257594.png	67244	e8fca3493f4a6599bb9f648fa759695f7955421d4412624afc7e3f470bc2ad05	e8fca3493f4a6599bb9f648fa759695f7955421d4412624afc7e3f470bc2ad05	
UploadFiles/xwzx/2025/3/202503281619259178.png	UploadFiles/xwzx/2025/3/202503281619259178.png	83606	5c3b8f0151446ccec07df9e1fc25d59b55f6773ee54ae8a9bab8b98c1ba7d7e2	5c3b8f0151446ccec07df9e1fc25d59b55f6773ee54ae8a9bab8b98c1ba7d7e2	
UploadFiles/xwzx/2025/3/202503281733554928.png	UploadFiles/xwzx/2025/3/202503281733554928.png	323022	82aa4c1d51a16b937dfbd929de54aef09249af7139985f5102ab8f38ad5bcbd6	82aa4c1d51a16b937dfbd929de54aef09249af7139985f5102ab8f38ad5bcbd6	
UploadFiles/xwzx/2025/3/202503310850015247.png	UploadFiles/xwzx/2025/3/202503310850015247.png	98534	816cfe6a9abbea3927a21f7cebf32e4391daaeaa9034e3b13518c9ebb9bda926	816cfe6a9abbea3927a21f7cebf32e4391daaeaa9034e3b13518c9ebb9bda926	
UploadFiles/xwzx/2025/3/202503310934229874.png	UploadFiles/xwzx/2025/3/202503310934229874.png	100077	eae5c6af0d4896a7fa21a8266ad8cbf368bd097c0df679eca08a48a0f536641a	eae5c6af0d4896a7fa21a8266ad8cbf368bd097c0df679eca08a48a0f536641a	
UploadFiles/xwzx/2025/3/202503311643273278.png	UploadFiles/xwzx/2025/3/202503311643273278.png	5506	70dfc143370390a637da338cc120c23d7167af23b2dcc343f8ad7410548125fa	70dfc143370390a637da338cc120c23d7167af23b2dcc343f8ad7410548125fa	
UploadFiles/xwzx/2025/3/202503311643275404.png	UploadFiles/xwzx/2025/3/202503311643275404.png	15171	767efac809332cf34581221896c9d6993309464be573aa02a53e3d0e934d3c8f	767efac809332cf34581221896c9d6993309464be573aa02a53e3d0e934d3c8f	
UploadFiles/xwzx/2025/4/202504010818537707.png	UploadFiles/xwzx/2025/4/202504010818537707.png	274970	aed0c1ef27545ba51bc15c08647436efaeba87ca12eed898ebe037370e445bd4	aed0c1ef27545ba51bc15c08647436efaeba87ca12eed898ebe037370e445bd4	
UploadFiles/xwzx/2025/4/202504011520379364.png	UploadFiles/xwzx/2025/4/202504011520379364.png	85496	068c20c50822e3460952fed9a8f7b5313450eb87d335e9fa8b3e05bb1471bc0c	068c20c50822e3460952fed9a8f7b5313450eb87d335e9fa8b3e05bb1471bc0c	
UploadFiles/xwzx/2025/4/202504021104263340.jpg	UploadFiles/xwzx/2025/4/202504021104263340.jpg	250127	eeb99531990ef7adfeba8d0d24459f3fe569882cdd952c284025057d1f941eff	eeb99531990ef7adfeba8d0d24459f3fe569882cdd952c284025057d1f941eff	
UploadFiles/xwzx/2025/4/202504021104280219.jpg	UploadFiles/xwzx/2025/4/202504021104280219.jpg	221112	ec6224009df7ab3f019375e2130e7ea8e3b1ea1e52399a3301c67e90c5d255fd	ec6224009df7ab3f019375e2130e7ea8e3b1ea1e52399a3301c67e90c5d255fd	
UploadFiles/xwzx/2025/4/202504021104282927.jpg	UploadFiles/xwzx/2025/4/202504021104282927.jpg	254000	17eed869d0ab957eb269eb7b79ef5b0ed4cfbbd60b277de94c0fd4c5ef245aa6	17eed869d0ab957eb269eb7b79ef5b0ed4cfbbd60b277de94c0fd4c5ef245aa6	
UploadFiles/xwzx/2025/4/202504021104292704.jpg	UploadFiles/xwzx/2025/4/202504021104292704.jpg	2188699	7e3dac174d23e858e869185ddf3756afaa35ea605952173ccb53b5a2a81fbbe5	7e3dac174d23e858e869185ddf3756afaa35ea605952173ccb53b5a2a81fbbe5	
UploadFiles/xwzx/2025/4/202504021104303146.jpg	UploadFiles/xwzx/2025/4/202504021104303146.jpg	3168505	cb287b25e12fdada4d0aa75f2d63711b48dd7c3bed4291ea7e2ccfda62da1aa6	cb287b25e12fdada4d0aa75f2d63711b48dd7c3bed4291ea7e2ccfda62da1aa6	
UploadFiles/xwzx/2025/4/202504021104304810.jpg	UploadFiles/xwzx/2025/4/202504021104304810.jpg	242428	ea3867880c5188f9ee2e17a7c7801b1f12436ce5257082b7314c5512bdbca30d	ea3867880c5188f9ee2e17a7c7801b1f12436ce5257082b7314c5512bdbca30d	
UploadFiles/xwzx/2025/4/202504021104320563.jpg	UploadFiles/xwzx/2025/4/202504021104320563.jpg	241156	09a7f07dc802fd3f3e7b47af2ac5880a2e61f3ae04aa4b08552cd92e513924f0	09a7f07dc802fd3f3e7b47af2ac5880a2e61f3ae04aa4b08552cd92e513924f0	
UploadFiles/xwzx/2025/4/202504021104324035.jpg	UploadFiles/xwzx/2025/4/202504021104324035.jpg	4133795	3012e07941433e92cea5e53c8767160e42258c28027dc2b62b4b83229e34ba10	3012e07941433e92cea5e53c8767160e42258c28027dc2b62b4b83229e34ba10	
UploadFiles/xwzx/2025/4/202504021104329036.png	UploadFiles/xwzx/2025/4/202504021104329036.png	6712	821c7aed9ac3279cecb10ed6575493eee0d89fb49dd703741c0069d2c4d60226	821c7aed9ac3279cecb10ed6575493eee0d89fb49dd703741c0069d2c4d60226	
UploadFiles/xwzx/2025/4/202504021104329640.jpg	UploadFiles/xwzx/2025/4/202504021104329640.jpg	284529	4144e218e08d58bdbbd8ca87a43d0ef8792238b6972f8bd0ac9dbc384333edfb	4144e218e08d58bdbbd8ca87a43d0ef8792238b6972f8bd0ac9dbc384333edfb	
UploadFiles/xwzx/2025/4/202504021104331383.jpg	UploadFiles/xwzx/2025/4/202504021104331383.jpg	909906	ad1742f8070f073e3324bee7bfaa9e37e7b1fdf445a0e368197eb17851faed8d	ad1742f8070f073e3324bee7bfaa9e37e7b1fdf445a0e368197eb17851faed8d	
UploadFiles/xwzx/2025/4/202504021105437452.jpg	UploadFiles/xwzx/2025/4/202504021105437452.jpg	5661840	31c5fb6e9f1733bf6d3abc9353334fd32913ba4aefc698bf2e296a1efd1f3162	31c5fb6e9f1733bf6d3abc9353334fd32913ba4aefc698bf2e296a1efd1f3162	
UploadFiles/xwzx/2025/4/202504021105445009.jpg	UploadFiles/xwzx/2025/4/202504021105445009.jpg	5864359	c8f7827ec0a9cfdd683d1ddbc024f96e08cc611f1c70918a6d048d9d2f5147bc	c8f7827ec0a9cfdd683d1ddbc024f96e08cc611f1c70918a6d048d9d2f5147bc	
UploadFiles/xwzx/2025/4/202504021105448454.jpg	UploadFiles/xwzx/2025/4/202504021105448454.jpg	5598526	ec80279495462e06b74fc1fd474b6885ea44bb00e7f8fa8fe3b3e4b238b6d278	ec80279495462e06b74fc1fd474b6885ea44bb00e7f8fa8fe3b3e4b238b6d278	
UploadFiles/xwzx/2025/4/202504021508216695.png	UploadFiles/xwzx/2025/4/202504021508216695.png	85421	6b9c58fcecc87ef4d3e2f1c80d726ba57523ecf19cc5a56e4c4f6e13c02c7ea3	6b9c58fcecc87ef4d3e2f1c80d726ba57523ecf19cc5a56e4c4f6e13c02c7ea3	
UploadFiles/xwzx/2025/4/202504021509412244.png	UploadFiles/xwzx/2025/4/202504021509412244.png	97553	af0d8c34b33f79e3ef0174022ce78e31010e3ff373b7a3154afd91a5405e8542	af0d8c34b33f79e3ef0174022ce78e31010e3ff373b7a3154afd91a5405e8542	
UploadFiles/xwzx/2025/4/202504021542518247.png	UploadFiles/xwzx/2025/4/202504021542518247.png	11643	53cd2394a4dfe90961a0c6f23e9aeb087c54518204cc5039823531e53f278a28	53cd2394a4dfe90961a0c6f23e9aeb087c54518204cc5039823531e53f278a28	
UploadFiles/xwzx/2025/4/202504061111043247.png	UploadFiles/xwzx/2025/4/202504061111043247.png	138642	3774d577af547cc6b9ce3f0a317de66318e0765203b2306be696028e52fac2c2	3774d577af547cc6b9ce3f0a317de66318e0765203b2306be696028e52fac2c2	
UploadFiles/xwzx/2025/4/202504070949436041.png	UploadFiles/xwzx/2025/4/202504070949436041.png	98445	c5fce29f4ca12d0309f9ffa9194ad5480e4429ca3e48d1f06680c5836dae34d7	c5fce29f4ca12d0309f9ffa9194ad5480e4429ca3e48d1f06680c5836dae34d7	
UploadFiles/xwzx/2025/4/202504071112342699.gif	UploadFiles/xwzx/2025/4/202504071112342699.gif	970	2e20adfa5746298c73e199693934f04f5416d373daa6dd0d5e73a337f2f36dff	2e20adfa5746298c73e199693934f04f5416d373daa6dd0d5e73a337f2f36dff	
UploadFiles/xwzx/2025/4/202504071112346722.gif	UploadFiles/xwzx/2025/4/202504071112346722.gif	1005	96ae963c64e3bf7edd26f5e8d131f80d1444536dc7c69b6164d23e4db16a20d3	96ae963c64e3bf7edd26f5e8d131f80d1444536dc7c69b6164d23e4db16a20d3	
UploadFiles/xwzx/2025/4/202504071112349900.gif	UploadFiles/xwzx/2025/4/202504071112349900.gif	1012	62c86a7776611273707faece405890b74a8c521b17a73e339875d8aa4f9ca361	62c86a7776611273707faece405890b74a8c521b17a73e339875d8aa4f9ca361	
UploadFiles/xwzx/2025/4/202504081047321822.gif	UploadFiles/xwzx/2025/4/202504081047321822.gif	1012	62c86a7776611273707faece405890b74a8c521b17a73e339875d8aa4f9ca361	62c86a7776611273707faece405890b74a8c521b17a73e339875d8aa4f9ca361	
UploadFiles/xwzx/2025/4/202504081047329220.gif	UploadFiles/xwzx/2025/4/202504081047329220.gif	1005	96ae963c64e3bf7edd26f5e8d131f80d1444536dc7c69b6164d23e4db16a20d3	96ae963c64e3bf7edd26f5e8d131f80d1444536dc7c69b6164d23e4db16a20d3	
UploadFiles/xwzx/2025/4/202504081411559523.png	UploadFiles/xwzx/2025/4/202504081411559523.png	86301	d02043b403ba7227e30c5456f31c52a3b67dbcad010aa97777f53e97b282dc3d	d02043b403ba7227e30c5456f31c52a3b67dbcad010aa97777f53e97b282dc3d	
UploadFiles/xwzx/2025/4/202504081413080366.png	UploadFiles/xwzx/2025/4/202504081413080366.png	99302	d59b3317e512869b1705e7a82ba65d8d2f4d9307a13d5b68e006aa13f38bd442	d59b3317e512869b1705e7a82ba65d8d2f4d9307a13d5b68e006aa13f38bd442	
UploadFiles/xwzx/2025/4/202504081651282311.png	UploadFiles/xwzx/2025/4/202504081651282311.png	85567	c00c9ab83f8bdefacb64b4545026c5b1ec21b5c00b9b54aa5f4e9c39224299fd	c00c9ab83f8bdefacb64b4545026c5b1ec21b5c00b9b54aa5f4e9c39224299fd	
UploadFiles/xwzx/2025/4/202504090836052278.png	UploadFiles/xwzx/2025/4/202504090836052278.png	98572	43436afa8cb21503d7aa30be7a12536edaffa3971f7ffdf7b501a97ca32d5466	43436afa8cb21503d7aa30be7a12536edaffa3971f7ffdf7b501a97ca32d5466	
UploadFiles/xwzx/2025/4/202504090906460576.jpg	UploadFiles/xwzx/2025/4/202504090906460576.jpg	214130	cfe5ede06e811204997ca3847addb2bbbe4c33642bd552cd86ced4f7ec9fdbc6	cfe5ede06e811204997ca3847addb2bbbe4c33642bd552cd86ced4f7ec9fdbc6	
UploadFiles/xwzx/2025/4/202504090906460839.jpg	UploadFiles/xwzx/2025/4/202504090906460839.jpg	325903	940cb66dc54f92c6219c536ad9046ea17ed6e8ef9b5d9131658b5061174ab1a8	940cb66dc54f92c6219c536ad9046ea17ed6e8ef9b5d9131658b5061174ab1a8	
UploadFiles/xwzx/2025/4/202504090906461063.jpg	UploadFiles/xwzx/2025/4/202504090906461063.jpg	341332	f973bf728b0d01966e7753caca2c77e03f146438e70e8d8813484a98089436a7	f973bf728b0d01966e7753caca2c77e03f146438e70e8d8813484a98089436a7	
UploadFiles/xwzx/2025/4/202504090906466039.jpg	UploadFiles/xwzx/2025/4/202504090906466039.jpg	315614	c96145bd99d8d201afa1b6bf8bf8c48d3c21ea8164ec59a45c19db605eee7bc1	c96145bd99d8d201afa1b6bf8bf8c48d3c21ea8164ec59a45c19db605eee7bc1	
UploadFiles/xwzx/2025/4/202504090906467127.jpg	UploadFiles/xwzx/2025/4/202504090906467127.jpg	188893	b150a90e4325ac6736e6908a896b36816ec5e485ffc2cde2b5a40e8f40a0b475	b150a90e4325ac6736e6908a896b36816ec5e485ffc2cde2b5a40e8f40a0b475	
UploadFiles/xwzx/2025/4/202504090906469454.jpg	UploadFiles/xwzx/2025/4/202504090906469454.jpg	205718	c9f9b5b719e92470ea9b835d85f6b722f7f573f8d99952f2fcf96e7e52cb34ce	c9f9b5b719e92470ea9b835d85f6b722f7f573f8d99952f2fcf96e7e52cb34ce	
UploadFiles/xwzx/2025/4/202504090906470672.jpg	UploadFiles/xwzx/2025/4/202504090906470672.jpg	260789	0842c9298c317f0cfd63d5df0742ce79b28ffcd9bbc4919cd224d27713120b52	0842c9298c317f0cfd63d5df0742ce79b28ffcd9bbc4919cd224d27713120b52	
UploadFiles/xwzx/2025/4/202504090906470718.jpg	UploadFiles/xwzx/2025/4/202504090906470718.jpg	186277	5dda02fd04600603e48cdab6c2b4bccebf6feebe4dc43925ca2287932ab56a06	5dda02fd04600603e48cdab6c2b4bccebf6feebe4dc43925ca2287932ab56a06	
UploadFiles/xwzx/2025/4/202504090906471163.jpg	UploadFiles/xwzx/2025/4/202504090906471163.jpg	215870	ea5e66c52786a3b87cb18f5d928a7f3eea47abf1c84fc843bb99179d23ba59ee	ea5e66c52786a3b87cb18f5d928a7f3eea47abf1c84fc843bb99179d23ba59ee	
UploadFiles/xwzx/2025/4/202504090906472833.jpg	UploadFiles/xwzx/2025/4/202504090906472833.jpg	204517	63f6d5c4f3d09d1c97e250dbef32148324f7bfec93ff1e5520a62e68488e262f	63f6d5c4f3d09d1c97e250dbef32148324f7bfec93ff1e5520a62e68488e262f	
UploadFiles/xwzx/2025/4/202504090906472928.jpg	UploadFiles/xwzx/2025/4/202504090906472928.jpg	194836	0b9b9f1af8ea99144cf5f3c5fca88326020058c769544dcd979eb08408881d9b	0b9b9f1af8ea99144cf5f3c5fca88326020058c769544dcd979eb08408881d9b	
UploadFiles/xwzx/2025/4/202504090906474188.jpg	UploadFiles/xwzx/2025/4/202504090906474188.jpg	356852	7e4bad794415f9c80e5c466edc8876fc293518e021b5d89ba5e0a99ac520b0f4	7e4bad794415f9c80e5c466edc8876fc293518e021b5d89ba5e0a99ac520b0f4	
UploadFiles/xwzx/2025/4/202504090906476329.jpg	UploadFiles/xwzx/2025/4/202504090906476329.jpg	260380	7ed5e4790f993d29769a38e60431364fa1ff89e99dc9022440f2336a51ede6e4	7ed5e4790f993d29769a38e60431364fa1ff89e99dc9022440f2336a51ede6e4	
UploadFiles/xwzx/2025/4/202504090906478568.jpg	UploadFiles/xwzx/2025/4/202504090906478568.jpg	327588	0c0f9004af81fd8448f81699441a6568c1296e4dc85e069334fc9a89f5490c1c	0c0f9004af81fd8448f81699441a6568c1296e4dc85e069334fc9a89f5490c1c	
UploadFiles/xwzx/2025/4/202504090906485367.jpg	UploadFiles/xwzx/2025/4/202504090906485367.jpg	333616	de2dc0924e8c1c797f985f3b96f3cee7eca2dde493b213929b025a8ece242fdc	de2dc0924e8c1c797f985f3b96f3cee7eca2dde493b213929b025a8ece242fdc	
UploadFiles/xwzx/2025/4/202504090906509350.jpg	UploadFiles/xwzx/2025/4/202504090906509350.jpg	4838537	d2944898a5942f60982793f72ca26044dde5022274825a5f36bd04b0be756fc3	d2944898a5942f60982793f72ca26044dde5022274825a5f36bd04b0be756fc3	
UploadFiles/xwzx/2025/4/202504090908323333.png	UploadFiles/xwzx/2025/4/202504090908323333.png	1069299	62897b142542a6e873146f1cacf646140690befa730ca3e93f5e70ac59320966	62897b142542a6e873146f1cacf646140690befa730ca3e93f5e70ac59320966	
UploadFiles/xwzx/2025/4/202504090908341230.png	UploadFiles/xwzx/2025/4/202504090908341230.png	1128492	df4d369ebcee708ee7c2176f74cb5356209e1be39186bc9a6ac21538fe314216	df4d369ebcee708ee7c2176f74cb5356209e1be39186bc9a6ac21538fe314216	
UploadFiles/xwzx/2025/4/202504090908343841.png	UploadFiles/xwzx/2025/4/202504090908343841.png	3352184	ca2cbc8bf931f70bdfde889eb693009b0bc32e42c034d327db486ad0509ab9bc	ca2cbc8bf931f70bdfde889eb693009b0bc32e42c034d327db486ad0509ab9bc	
UploadFiles/xwzx/2025/4/202504090908353150.png	UploadFiles/xwzx/2025/4/202504090908353150.png	2541946	0af000eaae1bb83021dfcec6760cd03208494515092e40374fc72701c6a8a441	0af000eaae1bb83021dfcec6760cd03208494515092e40374fc72701c6a8a441	
UploadFiles/xwzx/2025/4/202504091419471395.png	UploadFiles/xwzx/2025/4/202504091419471395.png	97869	5113bbf7a89381e79d76e3fc27e6b10f5f28db547330d0946063188b59a22c7a	5113bbf7a89381e79d76e3fc27e6b10f5f28db547330d0946063188b59a22c7a	
UploadFiles/xwzx/2025/4/202504091608056386.png	UploadFiles/xwzx/2025/4/202504091608056386.png	85522	8b4df38ebad16a4c728b39431b7b67af171a1d7e32cb9a94310d90abd72d918c	8b4df38ebad16a4c728b39431b7b67af171a1d7e32cb9a94310d90abd72d918c	
UploadFiles/xwzx/2025/4/202504101607248393.png	UploadFiles/xwzx/2025/4/202504101607248393.png	38954	5cd6b4410da8cfc4d823505638fde3c19c6f96d83857840036805bae060543ac	5cd6b4410da8cfc4d823505638fde3c19c6f96d83857840036805bae060543ac	
UploadFiles/xwzx/2025/4/202504101618363217.png	UploadFiles/xwzx/2025/4/202504101618363217.png	85724	6141bb61feabea775f55f7bd2bc4ff0ed58fefdf72c303191ca1cdf468f110ac	6141bb61feabea775f55f7bd2bc4ff0ed58fefdf72c303191ca1cdf468f110ac	
UploadFiles/xwzx/2025/4/202504101625317453.gif	UploadFiles/xwzx/2025/4/202504101625317453.gif	1012	62c86a7776611273707faece405890b74a8c521b17a73e339875d8aa4f9ca361	62c86a7776611273707faece405890b74a8c521b17a73e339875d8aa4f9ca361	
UploadFiles/xwzx/2025/4/202504111615263204.png	UploadFiles/xwzx/2025/4/202504111615263204.png	132941	3ad9121b736e7fc7a1abc54e054fa6a19b74fce7b04e7ca30553ec77ccfbdb67	3ad9121b736e7fc7a1abc54e054fa6a19b74fce7b04e7ca30553ec77ccfbdb67	
UploadFiles/xwzx/2025/4/202504111615273053.png	UploadFiles/xwzx/2025/4/202504111615273053.png	38034	f3bb2dbe1665e41c550566ab0bd0033152bb4b902007d9bd6ad9471b44464b54	f3bb2dbe1665e41c550566ab0bd0033152bb4b902007d9bd6ad9471b44464b54	
UploadFiles/xwzx/2025/4/202504111639565707.png	UploadFiles/xwzx/2025/4/202504111639565707.png	98682	e2ba1bc6b47b4840be58f165e356d2a7b69814b24cc0e18438bbb65ca7b331e8	e2ba1bc6b47b4840be58f165e356d2a7b69814b24cc0e18438bbb65ca7b331e8	
UploadFiles/xwzx/2025/4/202504140902110456.jpg	UploadFiles/xwzx/2025/4/202504140902110456.jpg	18804	d9b883af145f5b303910e01e345248d374cf2271e1ce852d955b89b1b9369a6e	d9b883af145f5b303910e01e345248d374cf2271e1ce852d955b89b1b9369a6e	
UploadFiles/xwzx/2025/4/202504140902365007.jpg	UploadFiles/xwzx/2025/4/202504140902365007.jpg	37367	f7e731519bf3ec2f207f348112b20496a493238184a18475b176ba3b2f6658a7	f7e731519bf3ec2f207f348112b20496a493238184a18475b176ba3b2f6658a7	
UploadFiles/xwzx/2025/4/202504141019227562.png	UploadFiles/xwzx/2025/4/202504141019227562.png	54633	eece15cc90ad76a04b6417db2eed22e85627c4903327d41675d8e390b51a734b	eece15cc90ad76a04b6417db2eed22e85627c4903327d41675d8e390b51a734b	
UploadFiles/xwzx/2025/4/202504141026436244.png	UploadFiles/xwzx/2025/4/202504141026436244.png	97452	f839efa1cada94eca1a77406bb01ca93a0b9c93597c6ce6df16a46c89e33a0f9	f839efa1cada94eca1a77406bb01ca93a0b9c93597c6ce6df16a46c89e33a0f9	
UploadFiles/xwzx/2025/4/202504141033377629.png	UploadFiles/xwzx/2025/4/202504141033377629.png	98262	b71d295a6e9ea5b0c4fa60b513745e6821979161b7d5904a8de38d25f73eb013	b71d295a6e9ea5b0c4fa60b513745e6821979161b7d5904a8de38d25f73eb013	
UploadFiles/xwzx/2025/4/202504141047012420.png	UploadFiles/xwzx/2025/4/202504141047012420.png	99501	d23d0ef96bec7479e34b2952d443cc988014719d2fbc54f4e8556fbd690ff7f6	d23d0ef96bec7479e34b2952d443cc988014719d2fbc54f4e8556fbd690ff7f6	
UploadFiles/xwzx/2025/4/202504141531491347.png	UploadFiles/xwzx/2025/4/202504141531491347.png	98024	d4436b9de94d060602c082ac0dc54bc3d556ca38d5dbd6bcb79420d420e36af2	d4436b9de94d060602c082ac0dc54bc3d556ca38d5dbd6bcb79420d420e36af2	
UploadFiles/xwzx/2025/4/202504150848123252.jpg	UploadFiles/xwzx/2025/4/202504150848123252.jpg	8515459	77b759325f4190b8193c47f0fd127ad798ba9f5e3ca8c08e085249d9af475250	77b759325f4190b8193c47f0fd127ad798ba9f5e3ca8c08e085249d9af475250	
UploadFiles/xwzx/2025/4/202504150848145975.jpg	UploadFiles/xwzx/2025/4/202504150848145975.jpg	4261137	9310ec11f6a4a386eb00599304d97d262a6d86437f478faf5ed9c74d1dcac2c8	9310ec11f6a4a386eb00599304d97d262a6d86437f478faf5ed9c74d1dcac2c8	
UploadFiles/xwzx/2025/4/202504150848163347.jpg	UploadFiles/xwzx/2025/4/202504150848163347.jpg	3572022	4cc99a2a0cf89caf36a06b19b59bf9c31d65707b4f0ceee6464017990c31e02d	4cc99a2a0cf89caf36a06b19b59bf9c31d65707b4f0ceee6464017990c31e02d	
UploadFiles/xwzx/2025/4/202504150848187645.jpg	UploadFiles/xwzx/2025/4/202504150848187645.jpg	6961273	55b007ae4c41b2c9b82579b5f3a812c5cbe64cc435bbe951fd7f9bdcba9b9949	55b007ae4c41b2c9b82579b5f3a812c5cbe64cc435bbe951fd7f9bdcba9b9949	
UploadFiles/xwzx/2025/4/202504150848215920.jpg	UploadFiles/xwzx/2025/4/202504150848215920.jpg	4204439	ee9c74470f0b9fd1cc97853e19081dbc4404001e983473709e372cc0caf8f59c	ee9c74470f0b9fd1cc97853e19081dbc4404001e983473709e372cc0caf8f59c	
UploadFiles/xwzx/2025/4/202504150848229065.jpg	UploadFiles/xwzx/2025/4/202504150848229065.jpg	5271971	847bfb86bec7f1addd6f1fc21f9610935e682ed8522898bf934321f1d19bad6a	847bfb86bec7f1addd6f1fc21f9610935e682ed8522898bf934321f1d19bad6a	
UploadFiles/xwzx/2025/4/202504150848242443.jpg	UploadFiles/xwzx/2025/4/202504150848242443.jpg	4820244	094968fe9276dfcda7a18a4d01c9fbc0ab31704be04c336569940e6bcd5acd89	094968fe9276dfcda7a18a4d01c9fbc0ab31704be04c336569940e6bcd5acd89	
UploadFiles/xwzx/2025/4/202504150848271487.jpg	UploadFiles/xwzx/2025/4/202504150848271487.jpg	4750174	9a32bfc1cc63dcf5ed6d60b81142b21506b61443961c9c490c6189e1601fda15	9a32bfc1cc63dcf5ed6d60b81142b21506b61443961c9c490c6189e1601fda15	
UploadFiles/xwzx/2025/4/202504150848310572.jpg	UploadFiles/xwzx/2025/4/202504150848310572.jpg	6016090	32423ec1b169899ab05e1bd777e156db28f0ee6f47520c91d12852de11a6d91c	32423ec1b169899ab05e1bd777e156db28f0ee6f47520c91d12852de11a6d91c	
UploadFiles/xwzx/2025/4/202504150848317734.jpg	UploadFiles/xwzx/2025/4/202504150848317734.jpg	7950774	63f27b7011f4705f95478397e705bf2d19870ba96f2bcc4cdd3de8768bd553f8	63f27b7011f4705f95478397e705bf2d19870ba96f2bcc4cdd3de8768bd553f8	
UploadFiles/xwzx/2025/4/202504150848390612.jpg	UploadFiles/xwzx/2025/4/202504150848390612.jpg	14193834	62aa037d39772db8c46ac15b334d13e67fc49bb43d4dcc42c6d1cb28baf29f08	62aa037d39772db8c46ac15b334d13e67fc49bb43d4dcc42c6d1cb28baf29f08	
UploadFiles/xwzx/2025/4/202504150848446765.jpg	UploadFiles/xwzx/2025/4/202504150848446765.jpg	9399825	9c271c9d417ad9ea94c2214277321c234bb1673eb836c1a7fe633d0d023f2e76	9c271c9d417ad9ea94c2214277321c234bb1673eb836c1a7fe633d0d023f2e76	
UploadFiles/xwzx/2025/4/202504150848453538.jpg	UploadFiles/xwzx/2025/4/202504150848453538.jpg	9233291	68ce92b8bc377727a2d3eb262d2e9168fe8a36ff558dd5235d2c6f0e8170e6c6	68ce92b8bc377727a2d3eb262d2e9168fe8a36ff558dd5235d2c6f0e8170e6c6	
UploadFiles/xwzx/2025/4/202504150848490533.jpg	UploadFiles/xwzx/2025/4/202504150848490533.jpg	9825789	adade444a823ebda201f1f0eb7e09473b522c9d3ed754639232e4fda0f2a974c	adade444a823ebda201f1f0eb7e09473b522c9d3ed754639232e4fda0f2a974c	
UploadFiles/xwzx/2025/4/202504150848525090.jpg	UploadFiles/xwzx/2025/4/202504150848525090.jpg	4862138	6699e19b1582c5ebb968cee7df67ab89804d84fd388f1f465020f0b248844fd8	6699e19b1582c5ebb968cee7df67ab89804d84fd388f1f465020f0b248844fd8	
UploadFiles/xwzx/2025/4/202504150848535448.jpg	UploadFiles/xwzx/2025/4/202504150848535448.jpg	2646504	f8dd3a6807e8c5ee3d807466100556d3fd3526b47574d54e10922ae669f9ac91	f8dd3a6807e8c5ee3d807466100556d3fd3526b47574d54e10922ae669f9ac91	
UploadFiles/xwzx/2025/4/202504150849004661.jpg	UploadFiles/xwzx/2025/4/202504150849004661.jpg	4801710	669ca2222d3dd1c234752e8c282f92167e5f6b5da3d636e6c3068c919f73cde6	669ca2222d3dd1c234752e8c282f92167e5f6b5da3d636e6c3068c919f73cde6	
UploadFiles/xwzx/2025/4/202504150849119277.png	UploadFiles/xwzx/2025/4/202504150849119277.png	29634409	ada71a69d3992bfc74f5f940aa4e77b36ec23079a47f81cd53a6ff8e4a104e32	ada71a69d3992bfc74f5f940aa4e77b36ec23079a47f81cd53a6ff8e4a104e32	
UploadFiles/xwzx/2025/4/202504151007257904.jpg	UploadFiles/xwzx/2025/4/202504151007257904.jpg	113844	ab524ffd494f600f626519fa5ed89a941ae75d99ad14c225db072913521d618e	ab524ffd494f600f626519fa5ed89a941ae75d99ad14c225db072913521d618e	
UploadFiles/xwzx/2025/4/202504151007296176.jpg	UploadFiles/xwzx/2025/4/202504151007296176.jpg	95497	84d083ca4e0ab9c1a36ef3050c0c8c3ffe21607645facef7981de5e6b5378c27	84d083ca4e0ab9c1a36ef3050c0c8c3ffe21607645facef7981de5e6b5378c27	
UploadFiles/xwzx/2025/4/202504151007443340.jpg	UploadFiles/xwzx/2025/4/202504151007443340.jpg	120962	8c7106e7937d7fc4fd2c150ad166c952f65e6eb4e2c66b71628713a0d8b67cda	8c7106e7937d7fc4fd2c150ad166c952f65e6eb4e2c66b71628713a0d8b67cda	
UploadFiles/xwzx/2025/4/202504151447134114.png	UploadFiles/xwzx/2025/4/202504151447134114.png	588813	d399771f08e98ff4364e67189d30c89f70467fe088f590de0f52c4351cc8b2c6	d399771f08e98ff4364e67189d30c89f70467fe088f590de0f52c4351cc8b2c6	
UploadFiles/xwzx/2025/4/202504151648499563.png	UploadFiles/xwzx/2025/4/202504151648499563.png	85660	52cbb091d06efed226b7266575091cb24808c249cf5573946a95f52b1c5e2ce4	52cbb091d06efed226b7266575091cb24808c249cf5573946a95f52b1c5e2ce4	
UploadFiles/xwzx/2025/4/202504160814046309.png	UploadFiles/xwzx/2025/4/202504160814046309.png	98430	5058910de4717ce20f2ae2e72afb39d9c0f0d8ffe601c2ad5a813205bf78f543	5058910de4717ce20f2ae2e72afb39d9c0f0d8ffe601c2ad5a813205bf78f543	
UploadFiles/xwzx/2025/4/202504161513566443.png	UploadFiles/xwzx/2025/4/202504161513566443.png	97377	7fb438a7c3ca71f7ea51172c42dd40ea611b8347c914f7e4300ea5ae3db1d18b	7fb438a7c3ca71f7ea51172c42dd40ea611b8347c914f7e4300ea5ae3db1d18b	
UploadFiles/xwzx/2025/4/202504171637217343.png	UploadFiles/xwzx/2025/4/202504171637217343.png	98817	bc1875d167020cbf6b10483cf9fd2e43a36b86942267947bc2cc730725aaadef	bc1875d167020cbf6b10483cf9fd2e43a36b86942267947bc2cc730725aaadef	
UploadFiles/xwzx/2025/4/202504180817079314.png	UploadFiles/xwzx/2025/4/202504180817079314.png	39110	53d883f93cc9d19de37db0a09ccf4f2bfdb3936ca4c93e143d562d922f4233c2	53d883f93cc9d19de37db0a09ccf4f2bfdb3936ca4c93e143d562d922f4233c2	
UploadFiles/xwzx/2025/4/202504180817088105.png	UploadFiles/xwzx/2025/4/202504180817088105.png	32062	80d8c52b2c8629ff5c1691d6c9c988d0e71f5d38c9786a6522f5d7190125256b	80d8c52b2c8629ff5c1691d6c9c988d0e71f5d38c9786a6522f5d7190125256b	
UploadFiles/xwzx/2025/4/202504181534324664.png	UploadFiles/xwzx/2025/4/202504181534324664.png	121355	92a618edc2039f35f45156ee4ae238c134f3750628808ff5b79b7dbbccb9e919	92a618edc2039f35f45156ee4ae238c134f3750628808ff5b79b7dbbccb9e919	
UploadFiles/xwzx/2025/4/202504181559148346.png	UploadFiles/xwzx/2025/4/202504181559148346.png	62619	9394c39edb47586dd8094d3663c27683ba39af48fab3e1a95a779090908b0ed3	9394c39edb47586dd8094d3663c27683ba39af48fab3e1a95a779090908b0ed3	
UploadFiles/xwzx/2025/4/202504181643012083.JPEG	UploadFiles/xwzx/2025/4/202504181643012083.jpeg	1038005	81d31c17ed36bc9f8d135f89df1d8b2f8e967090a08a0010fbae01c5661414cf	81d31c17ed36bc9f8d135f89df1d8b2f8e967090a08a0010fbae01c5661414cf	
UploadFiles/xwzx/2025/4/202504181643019182.JPEG	UploadFiles/xwzx/2025/4/202504181643019182.jpeg	573932	3ab66bf92cf98e1f510d0cf1286d49216e23a0e505e1b9274a7754ff910edaa4	3ab66bf92cf98e1f510d0cf1286d49216e23a0e505e1b9274a7754ff910edaa4	
UploadFiles/xwzx/2025/4/202504210811512993.png	UploadFiles/xwzx/2025/4/202504210811512993.png	25083	4c6cefa2b6b1d7bc481a674ef58f28d3f602a351fab28e653610b9d57ad5e6ed	4c6cefa2b6b1d7bc481a674ef58f28d3f602a351fab28e653610b9d57ad5e6ed	
UploadFiles/xwzx/2025/4/202504210811516542.png	UploadFiles/xwzx/2025/4/202504210811516542.png	15357	fde7adedc98cca1786eb290f77b46b1cc592d5e4010ba159416cf51cfa626f01	fde7adedc98cca1786eb290f77b46b1cc592d5e4010ba159416cf51cfa626f01	
UploadFiles/xwzx/2025/4/202504210811521747.png	UploadFiles/xwzx/2025/4/202504210811521747.png	20493	c1c594bbbea281e0d55a65e91d5a9e78392ab4e3c877e63fd7e5aeb0991ed971	c1c594bbbea281e0d55a65e91d5a9e78392ab4e3c877e63fd7e5aeb0991ed971	
UploadFiles/xwzx/2025/4/202504210835149806.png	UploadFiles/xwzx/2025/4/202504210835149806.png	212709	cc90d4ea9790d98649576866191ef17a19b8e2acb48b9b13159afe913597249d	cc90d4ea9790d98649576866191ef17a19b8e2acb48b9b13159afe913597249d	
UploadFiles/xwzx/2025/4/202504211140067766.jpg	UploadFiles/xwzx/2025/4/202504211140067766.jpg	24057	c5cc3780669b616e75813ad3bc9527e1d6e3e2321dabe30bb738cb30d6da2e8d	c5cc3780669b616e75813ad3bc9527e1d6e3e2321dabe30bb738cb30d6da2e8d	
UploadFiles/xwzx/2025/4/202504211141016355.jpg	UploadFiles/xwzx/2025/4/202504211141016355.jpg	16453	9f3b82b22e595f0a4d9993694350a66df6c120cb7675d0bef0c3ec3f65a0e173	9f3b82b22e595f0a4d9993694350a66df6c120cb7675d0bef0c3ec3f65a0e173	
UploadFiles/xwzx/2025/4/202504211413434233.png	UploadFiles/xwzx/2025/4/202504211413434233.png	98536	4e1681c4f4c2aed98627cff84012b7e051dd624d56a7165a78abe0c0edce69b0	4e1681c4f4c2aed98627cff84012b7e051dd624d56a7165a78abe0c0edce69b0	
UploadFiles/xwzx/2025/4/202504211521075036.png	UploadFiles/xwzx/2025/4/202504211521075036.png	97193	7dd5d02cd375f5d5bdc9dcd0f4a276cf81e4076e889818a526d3edd584fc2ed2	7dd5d02cd375f5d5bdc9dcd0f4a276cf81e4076e889818a526d3edd584fc2ed2	
UploadFiles/xwzx/2025/4/202504211558403173.jpg	UploadFiles/xwzx/2025/4/202504211558403173.jpg	172586	f16c3de4f80dd37fc57821a2452021f05c43fa0d30f17e43b34eb371fe751545	f16c3de4f80dd37fc57821a2452021f05c43fa0d30f17e43b34eb371fe751545	
UploadFiles/xwzx/2025/4/202504211558410317.jpg	UploadFiles/xwzx/2025/4/202504211558410317.jpg	262744	1b5b5d86e356765bdcc4ee97d6c6ebe015f22b614d795b2ed52e9877ec689716	1b5b5d86e356765bdcc4ee97d6c6ebe015f22b614d795b2ed52e9877ec689716	
UploadFiles/xwzx/2025/4/202504211558411026.jpg	UploadFiles/xwzx/2025/4/202504211558411026.jpg	248542	ddc216c9f227753b0f137ebec9d9807d69fdc498dc47d7ba8018bdda09347b33	ddc216c9f227753b0f137ebec9d9807d69fdc498dc47d7ba8018bdda09347b33	
UploadFiles/xwzx/2025/4/202504211558411609.jpg	UploadFiles/xwzx/2025/4/202504211558411609.jpg	357238	b683350cbf76f7c3b96bdb6b50ff0f3fb37364a10e0efd2ac72eb2ed97fd0404	b683350cbf76f7c3b96bdb6b50ff0f3fb37364a10e0efd2ac72eb2ed97fd0404	
UploadFiles/xwzx/2025/4/202504211558411633.jpg	UploadFiles/xwzx/2025/4/202504211558411633.jpg	5230082	7e4d0129da80dd575a85b7425bbc9814af6187a706cfcb6e28b3eb9c0e42f364	7e4d0129da80dd575a85b7425bbc9814af6187a706cfcb6e28b3eb9c0e42f364	
UploadFiles/xwzx/2025/4/202504211558413062.jpg	UploadFiles/xwzx/2025/4/202504211558413062.jpg	243771	eca80966d7710127003ec4ac35f20e08945566b825f3aa108fc59fa058f27a52	eca80966d7710127003ec4ac35f20e08945566b825f3aa108fc59fa058f27a52	
UploadFiles/xwzx/2025/4/202504211558413218.jpg	UploadFiles/xwzx/2025/4/202504211558413218.jpg	252735	5835e0c4a4b40e86f6d8bed22a5572445e4663842c49651c7098a55a379225cd	5835e0c4a4b40e86f6d8bed22a5572445e4663842c49651c7098a55a379225cd	
UploadFiles/xwzx/2025/4/202504211558413284.jpg	UploadFiles/xwzx/2025/4/202504211558413284.jpg	296822	663215940858e71fac9a2be1971d73a019c1cc7e2b9eb91812054a2757acc650	663215940858e71fac9a2be1971d73a019c1cc7e2b9eb91812054a2757acc650	
UploadFiles/xwzx/2025/4/202504211558413493.jpg	UploadFiles/xwzx/2025/4/202504211558413493.jpg	2741330	eae4d350156d65b70dc4545f599bc812d025a2f070a6c48b115771f507779aa2	eae4d350156d65b70dc4545f599bc812d025a2f070a6c48b115771f507779aa2	
UploadFiles/xwzx/2025/4/202504211558414187.jpg	UploadFiles/xwzx/2025/4/202504211558414187.jpg	274717	5e91438163e289d34e9a9925c224fa12732a55ac71950bb70bb0dd94a693284c	5e91438163e289d34e9a9925c224fa12732a55ac71950bb70bb0dd94a693284c	
UploadFiles/xwzx/2025/4/202504211558414346.jpg	UploadFiles/xwzx/2025/4/202504211558414346.jpg	289438	fe57433cde8b116ced1dec368d1f69031c6b0d51be901a972cc4f94c8debfb8d	fe57433cde8b116ced1dec368d1f69031c6b0d51be901a972cc4f94c8debfb8d	
UploadFiles/xwzx/2025/4/202504211558414752.jpg	UploadFiles/xwzx/2025/4/202504211558414752.jpg	248981	03a994923a8e8d31f8d8f608a03876ef08ad1f4b371f001f458ae7fa0436dbaf	03a994923a8e8d31f8d8f608a03876ef08ad1f4b371f001f458ae7fa0436dbaf	
UploadFiles/xwzx/2025/4/202504211558414882.jpg	UploadFiles/xwzx/2025/4/202504211558414882.jpg	454523	6a5c3da3078ed0b1af2d9836cdf1859d2e9d37f49156383dbb8405ef8b80f26a	6a5c3da3078ed0b1af2d9836cdf1859d2e9d37f49156383dbb8405ef8b80f26a	
UploadFiles/xwzx/2025/4/202504211558415331.jpg	UploadFiles/xwzx/2025/4/202504211558415331.jpg	240039	7c90b616572031082a0f8cefb55820572cb539fa7281c59bc0a01ffbe83f4caa	7c90b616572031082a0f8cefb55820572cb539fa7281c59bc0a01ffbe83f4caa	
UploadFiles/xwzx/2025/4/202504211558415590.jpg	UploadFiles/xwzx/2025/4/202504211558415590.jpg	281412	94f7e2232b715fe8161e5713ecb2ddbbb7c0cfcebc65b8e63ddb22a94d85cc37	94f7e2232b715fe8161e5713ecb2ddbbb7c0cfcebc65b8e63ddb22a94d85cc37	
UploadFiles/xwzx/2025/4/202504211558415682.jpg	UploadFiles/xwzx/2025/4/202504211558415682.jpg	278927	f17e1e2d4dac8a238c547230a02865d00141816a43c38a69f4daa9847b9d3512	f17e1e2d4dac8a238c547230a02865d00141816a43c38a69f4daa9847b9d3512	
UploadFiles/xwzx/2025/4/202504211558417646.jpg	UploadFiles/xwzx/2025/4/202504211558417646.jpg	682428	ca59c4be642a9e4f1c135675512ce0877faed2ec92823309a4173779df2a70a0	ca59c4be642a9e4f1c135675512ce0877faed2ec92823309a4173779df2a70a0	
UploadFiles/xwzx/2025/4/202504211558419724.jpg	UploadFiles/xwzx/2025/4/202504211558419724.jpg	214395	d07eadb83eee313669daef6c563f28cace2535df52514dbb49c6b37ae57f180f	d07eadb83eee313669daef6c563f28cace2535df52514dbb49c6b37ae57f180f	
UploadFiles/xwzx/2025/4/202504211558419753.jpg	UploadFiles/xwzx/2025/4/202504211558419753.jpg	286638	6e6198530f1cae73dfc0fe9947d74122c90a745f75f8634536df51a27db93d9c	6e6198530f1cae73dfc0fe9947d74122c90a745f75f8634536df51a27db93d9c	
UploadFiles/xwzx/2025/4/202504220747082971.JPG	UploadFiles/xwzx/2025/4/202504220747082971.jpg	206767	0f4e52b78b82feaba0a92ddcbce361eabfd93ce8501c7f6966ad8a8b980c759a	0f4e52b78b82feaba0a92ddcbce361eabfd93ce8501c7f6966ad8a8b980c759a	
UploadFiles/xwzx/2025/4/202504221031284528.png	UploadFiles/xwzx/2025/4/202504221031284528.png	98104	ff2d4065a739b5c9ddb6e88fd8b7f65e46ea3b0ea54f33c4ca23f87484816823	ff2d4065a739b5c9ddb6e88fd8b7f65e46ea3b0ea54f33c4ca23f87484816823	
UploadFiles/xwzx/2025/4/202504221319499599.png	UploadFiles/xwzx/2025/4/202504221319499599.png	20493	c1c594bbbea281e0d55a65e91d5a9e78392ab4e3c877e63fd7e5aeb0991ed971	c1c594bbbea281e0d55a65e91d5a9e78392ab4e3c877e63fd7e5aeb0991ed971	
UploadFiles/xwzx/2025/4/202504221523150465.png	UploadFiles/xwzx/2025/4/202504221523150465.png	85698	0c663aee4fa24b390548baff888f16b90fddc7a1e50a4889d9019815db47814d	0c663aee4fa24b390548baff888f16b90fddc7a1e50a4889d9019815db47814d	
UploadFiles/xwzx/2025/4/202504221634462735.png	UploadFiles/xwzx/2025/4/202504221634462735.png	31168	4ff8a73962e62e51cac14f3526de31f3ecea5d5977da91f1623645c93234622e	4ff8a73962e62e51cac14f3526de31f3ecea5d5977da91f1623645c93234622e	
UploadFiles/xwzx/2025/4/202504221635243742.png	UploadFiles/xwzx/2025/4/202504221635243742.png	26642	f222e59e3ee7732a65d62faef3acf78a8597ece6e544488e6ae037566facc16c	f222e59e3ee7732a65d62faef3acf78a8597ece6e544488e6ae037566facc16c	
UploadFiles/xwzx/2025/4/202504230817473212.png	UploadFiles/xwzx/2025/4/202504230817473212.png	98957	d4a2c8f1d7ade440276879e52969959acfabf8db6c9e36bc34f554134979ee65	d4a2c8f1d7ade440276879e52969959acfabf8db6c9e36bc34f554134979ee65	
UploadFiles/xwzx/2025/4/202504230952071605.jpg	UploadFiles/xwzx/2025/4/202504230952071605.jpg	483740	51f9ee33a24098b7e57b86038410723b262f49900e5ba5057831c649ee47d175	51f9ee33a24098b7e57b86038410723b262f49900e5ba5057831c649ee47d175	
UploadFiles/xwzx/2025/4/202504230952082905.jpg	UploadFiles/xwzx/2025/4/202504230952082905.jpg	2421259	c3e34723333541dea36f79410ee290cde7e5428cacc64015f8829113cc30569b	c3e34723333541dea36f79410ee290cde7e5428cacc64015f8829113cc30569b	
UploadFiles/xwzx/2025/4/202504230952083651.jpg	UploadFiles/xwzx/2025/4/202504230952083651.jpg	1889610	2d9669b825dfb900ce67fcee11b541a1dd7069790712b65a4f425363642ecdbe	2d9669b825dfb900ce67fcee11b541a1dd7069790712b65a4f425363642ecdbe	
UploadFiles/xwzx/2025/4/202504230952084431.jpg	UploadFiles/xwzx/2025/4/202504230952084431.jpg	2348617	8cc2c952ff8e2ed96235423435d004fede05c63209602607d3046b23533eeab8	8cc2c952ff8e2ed96235423435d004fede05c63209602607d3046b23533eeab8	
UploadFiles/xwzx/2025/4/202504230952088480.jpg	UploadFiles/xwzx/2025/4/202504230952088480.jpg	2021091	36a49741b3801ffac1c3aa69f046003ff2c84e068421c2787171b2173bec374f	36a49741b3801ffac1c3aa69f046003ff2c84e068421c2787171b2173bec374f	
UploadFiles/xwzx/2025/4/202504230952088731.jpg	UploadFiles/xwzx/2025/4/202504230952088731.jpg	1131376	99bba71524d181605c9e62d77a45fa443297b663a387ff4c9e7fb0f99b22c427	99bba71524d181605c9e62d77a45fa443297b663a387ff4c9e7fb0f99b22c427	
UploadFiles/xwzx/2025/4/202504230952094548.jpg	UploadFiles/xwzx/2025/4/202504230952094548.jpg	1653743	34a73e0663a6826f7f407fa34265a3cd933289d02106528e2acffaaf74f409ad	34a73e0663a6826f7f407fa34265a3cd933289d02106528e2acffaaf74f409ad	
UploadFiles/xwzx/2025/4/202504230952096769.jpg	UploadFiles/xwzx/2025/4/202504230952096769.jpg	1167583	8c49091eafafa2ce9b1c7e20244855e0f44bfe065a2570303fbfc447e87fa26c	8c49091eafafa2ce9b1c7e20244855e0f44bfe065a2570303fbfc447e87fa26c	
UploadFiles/xwzx/2025/4/202504230952098861.jpg	UploadFiles/xwzx/2025/4/202504230952098861.jpg	1296426	e32bff53a6647977f4116bdf291e070bf2cafac876ea2e25da4921cedae34b8d	e32bff53a6647977f4116bdf291e070bf2cafac876ea2e25da4921cedae34b8d	
UploadFiles/xwzx/2025/4/202504230952099452.jpg	UploadFiles/xwzx/2025/4/202504230952099452.jpg	2123677	3d3d4cf4dc29d95d66f833498609213d3a52aa93cffbb2d154f493191b852bfd	3d3d4cf4dc29d95d66f833498609213d3a52aa93cffbb2d154f493191b852bfd	
UploadFiles/xwzx/2025/4/202504230952101070.jpg	UploadFiles/xwzx/2025/4/202504230952101070.jpg	1277003	6cfb705eb8095e8477a3dd732f139957107693b61601df374c260aa8611818dc	6cfb705eb8095e8477a3dd732f139957107693b61601df374c260aa8611818dc	
UploadFiles/xwzx/2025/4/202504230952105563.jpg	UploadFiles/xwzx/2025/4/202504230952105563.jpg	1695831	b3bd850d10ebf7717f98d6a6a6cfa717b0ea1e449094bcd9a19b754029ec288b	b3bd850d10ebf7717f98d6a6a6cfa717b0ea1e449094bcd9a19b754029ec288b	
UploadFiles/xwzx/2025/4/202504230952106241.jpg	UploadFiles/xwzx/2025/4/202504230952106241.jpg	1530593	28d0b6ebf78eb3687407d50227f1e4ef896f38b673bd89548255dc1977c8dd75	28d0b6ebf78eb3687407d50227f1e4ef896f38b673bd89548255dc1977c8dd75	
UploadFiles/xwzx/2025/4/202504230952107044.jpg	UploadFiles/xwzx/2025/4/202504230952107044.jpg	3139362	8fae2eca149f5c4ff30a7715375a64781546ee52b21e01f55e7513c1d3f850f3	8fae2eca149f5c4ff30a7715375a64781546ee52b21e01f55e7513c1d3f850f3	
UploadFiles/xwzx/2025/4/202504230952109123.jpg	UploadFiles/xwzx/2025/4/202504230952109123.jpg	2398472	247df3b4e94ba15b62b2b55c0820bcc6d170186185e086e7081aaefaf92d8758	247df3b4e94ba15b62b2b55c0820bcc6d170186185e086e7081aaefaf92d8758	
UploadFiles/xwzx/2025/4/202504230952111467.jpg	UploadFiles/xwzx/2025/4/202504230952111467.jpg	6463979	6191ac1ea8670ea74aa3a850bd69b67dae9acb50421e9be07909d2582a132e5d	6191ac1ea8670ea74aa3a850bd69b67dae9acb50421e9be07909d2582a132e5d	
UploadFiles/xwzx/2025/4/202504230952111725.jpg	UploadFiles/xwzx/2025/4/202504230952111725.jpg	2815184	1e52700a8ae97f32749f90757f89cd5b368472a8c6aa29b4f62e9c7fd526daf1	1e52700a8ae97f32749f90757f89cd5b368472a8c6aa29b4f62e9c7fd526daf1	
UploadFiles/xwzx/2025/4/202504230952117131.JPG	UploadFiles/xwzx/2025/4/202504230952117131.jpg	492772	c6da2306489cd6ffe0458843e3c8f1bc80c8a00d8d31ee28b25c4ebcdc2a6b57	c6da2306489cd6ffe0458843e3c8f1bc80c8a00d8d31ee28b25c4ebcdc2a6b57	
UploadFiles/xwzx/2025/4/202504230952118540.jpg	UploadFiles/xwzx/2025/4/202504230952118540.jpg	2332016	1f6633e805222287354009155e94485eee69a8728dc46325fb1ac681caf55611	1f6633e805222287354009155e94485eee69a8728dc46325fb1ac681caf55611	
UploadFiles/xwzx/2025/4/202504230952120532.jpg	UploadFiles/xwzx/2025/4/202504230952120532.jpg	7000511	475565945ba49f642122b357204551a9baf0bde68475c9e5b58e756a36345a61	475565945ba49f642122b357204551a9baf0bde68475c9e5b58e756a36345a61	
UploadFiles/xwzx/2025/4/202504230952121216.jpg	UploadFiles/xwzx/2025/4/202504230952121216.jpg	635162	0c7204af2f31d18597bda450b3fc190798c62140da5f0409ef4ffd8252166d1d	0c7204af2f31d18597bda450b3fc190798c62140da5f0409ef4ffd8252166d1d	
UploadFiles/xwzx/2025/4/202504230952125667.jpg	UploadFiles/xwzx/2025/4/202504230952125667.jpg	2359184	3ab011281c1d88468d2ce2fe954bb44f5cb051b5d78142b3731ad1eaf28972f5	3ab011281c1d88468d2ce2fe954bb44f5cb051b5d78142b3731ad1eaf28972f5	
UploadFiles/xwzx/2025/4/202504230952131233.jpg	UploadFiles/xwzx/2025/4/202504230952131233.jpg	5054540	2a8240bdfd9e45ae07aac4b6c89716ab281c095dfe2484d6ec2a2aaa55801785	2a8240bdfd9e45ae07aac4b6c89716ab281c095dfe2484d6ec2a2aaa55801785	
UploadFiles/xwzx/2025/4/202504230952132221.jpg	UploadFiles/xwzx/2025/4/202504230952132221.jpg	2018105	74ea7d8d9d65e25f0520958a234ed63f7963d4cd2b238d366fd44e98c70052c9	74ea7d8d9d65e25f0520958a234ed63f7963d4cd2b238d366fd44e98c70052c9	
UploadFiles/xwzx/2025/4/202504230952136335.jpg	UploadFiles/xwzx/2025/4/202504230952136335.jpg	423194	3d2b5d10698e4668b37a123b47e00f93d2b009c210af9da85d45896d6208e7aa	3d2b5d10698e4668b37a123b47e00f93d2b009c210af9da85d45896d6208e7aa	
UploadFiles/xwzx/2025/4/202504230952140368.jpg	UploadFiles/xwzx/2025/4/202504230952140368.jpg	1274726	238ef0dbdbb4ed9e8e48451cecf4d10a88b0db805c0dbb8ecd664cc69a02f905	238ef0dbdbb4ed9e8e48451cecf4d10a88b0db805c0dbb8ecd664cc69a02f905	
UploadFiles/xwzx/2025/4/202504230952144895.jpg	UploadFiles/xwzx/2025/4/202504230952144895.jpg	4928621	b2fd69d44857f8561d7a70c2a7a657b3147431c01c6aede1e94af782fddc1b8a	b2fd69d44857f8561d7a70c2a7a657b3147431c01c6aede1e94af782fddc1b8a	
UploadFiles/xwzx/2025/4/202504230952145423.jpg	UploadFiles/xwzx/2025/4/202504230952145423.jpg	4992248	9af740465571fe7108ef907a2776d7effb305b834a54c07fa366d08200eada37	9af740465571fe7108ef907a2776d7effb305b834a54c07fa366d08200eada37	
UploadFiles/xwzx/2025/4/202504230952148124.jpg	UploadFiles/xwzx/2025/4/202504230952148124.jpg	604683	b66824a458d88d61e53b0aeb66d064321d65871ff7afa22e4d82dec391baa38f	b66824a458d88d61e53b0aeb66d064321d65871ff7afa22e4d82dec391baa38f	
UploadFiles/xwzx/2025/4/202504230952148268.jpg	UploadFiles/xwzx/2025/4/202504230952148268.jpg	5571653	53d9934958907ee03bce7ff0f904283e4f599df8d519c64fb62abe13d4445521	53d9934958907ee03bce7ff0f904283e4f599df8d519c64fb62abe13d4445521	
UploadFiles/xwzx/2025/4/202504230952148926.jpg	UploadFiles/xwzx/2025/4/202504230952148926.jpg	1145361	8d98587c60cf607ebeb3d6a085fd92843d6ae080270e7402e574cd92a4205c26	8d98587c60cf607ebeb3d6a085fd92843d6ae080270e7402e574cd92a4205c26	
UploadFiles/xwzx/2025/4/202504230952154834.jpg	UploadFiles/xwzx/2025/4/202504230952154834.jpg	4922842	fca06d29048dec55bb7eaab7e892ac53e76766f73b43de95ce1f1658efd225ea	fca06d29048dec55bb7eaab7e892ac53e76766f73b43de95ce1f1658efd225ea	
UploadFiles/xwzx/2025/4/202504230952163117.jpg	UploadFiles/xwzx/2025/4/202504230952163117.jpg	636781	b1b1052136a0d626b7a3600f772912bcb0a08812111985234c5ef4e7b7dada08	b1b1052136a0d626b7a3600f772912bcb0a08812111985234c5ef4e7b7dada08	
UploadFiles/xwzx/2025/4/202504230952169251.jpg	UploadFiles/xwzx/2025/4/202504230952169251.jpg	5028763	f2c783516813847c7ce150bd6bb989973335608ea9ec340d06dbbe3f6d07dbb8	f2c783516813847c7ce150bd6bb989973335608ea9ec340d06dbbe3f6d07dbb8	
UploadFiles/xwzx/2025/4/202504230952170677.jpg	UploadFiles/xwzx/2025/4/202504230952170677.jpg	1382032	d4870d5f2aa41e53b6055beb702397f5077c56c5ae2aff15bfb8caceeeb98b9b	d4870d5f2aa41e53b6055beb702397f5077c56c5ae2aff15bfb8caceeeb98b9b	
UploadFiles/xwzx/2025/4/202504230952172848.jpg	UploadFiles/xwzx/2025/4/202504230952172848.jpg	596633	50d2660c3d9966040edcdf45ea700d86675b66aa1e220a4ee825370f094f2859	50d2660c3d9966040edcdf45ea700d86675b66aa1e220a4ee825370f094f2859	
UploadFiles/xwzx/2025/4/202504230952174741.jpg	UploadFiles/xwzx/2025/4/202504230952174741.jpg	1484727	6d87879d5ab07a30b593a531a10a7a982d33c20526fb66a7551340a1d598b47c	6d87879d5ab07a30b593a531a10a7a982d33c20526fb66a7551340a1d598b47c	
UploadFiles/xwzx/2025/4/202504230952176452.jpg	UploadFiles/xwzx/2025/4/202504230952176452.jpg	6897031	d7ffbfd8174df36de8e61b4ed70ba4c96b368d51031d6eab4d3389453ee6b6f7	d7ffbfd8174df36de8e61b4ed70ba4c96b368d51031d6eab4d3389453ee6b6f7	
UploadFiles/xwzx/2025/4/202504230952177390.jpg	UploadFiles/xwzx/2025/4/202504230952177390.jpg	4724952	ad84e85537a133d4276840fb98c238909a76038adf1862255a67cf3d40c6ebf2	ad84e85537a133d4276840fb98c238909a76038adf1862255a67cf3d40c6ebf2	
UploadFiles/xwzx/2025/4/202504230952177466.JPG	UploadFiles/xwzx/2025/4/202504230952177466.jpg	323657	8c132beeba3d228d61f56c3a62074b605f10018800dfed19f0cfb1c9f0f9d9c2	8c132beeba3d228d61f56c3a62074b605f10018800dfed19f0cfb1c9f0f9d9c2	
UploadFiles/xwzx/2025/4/202504230952177557.jpg	UploadFiles/xwzx/2025/4/202504230952177557.jpg	759349	5af3dd42f1871f2b2808b92badf5cb374509b04fdc375f080e0a3e1b48008c57	5af3dd42f1871f2b2808b92badf5cb374509b04fdc375f080e0a3e1b48008c57	
UploadFiles/xwzx/2025/4/202504230952177756.JPG	UploadFiles/xwzx/2025/4/202504230952177756.jpg	447004	67df538a12a9263b3f61f51483c799a317186dab32c07e475641d2acef197580	67df538a12a9263b3f61f51483c799a317186dab32c07e475641d2acef197580	
UploadFiles/xwzx/2025/4/202504230952179779.jpg	UploadFiles/xwzx/2025/4/202504230952179779.jpg	466567	00eefd348be05e8e5e7dd2fd0c6c064951bcd6a3b730756f07f792bf8efdc907	00eefd348be05e8e5e7dd2fd0c6c064951bcd6a3b730756f07f792bf8efdc907	
UploadFiles/xwzx/2025/4/202504230952180922.jpg	UploadFiles/xwzx/2025/4/202504230952180922.jpg	2670552	6d2d3fd067ead0f6b1314c9dbaf122bf38ff880bfbfe878efc576d7b1dbe5717	6d2d3fd067ead0f6b1314c9dbaf122bf38ff880bfbfe878efc576d7b1dbe5717	
UploadFiles/xwzx/2025/4/202504230952182143.JPG	UploadFiles/xwzx/2025/4/202504230952182143.jpg	289759	bf0491f0a06f1e3ce1d7ed9658cb279a9de2655bb9ffb82327451e328877f19c	bf0491f0a06f1e3ce1d7ed9658cb279a9de2655bb9ffb82327451e328877f19c	
UploadFiles/xwzx/2025/4/202504230952185775.jpg	UploadFiles/xwzx/2025/4/202504230952185775.jpg	1108937	a30cbe73e732c1ec518422096cfe672fec0500122c4093cc248386e68406c6e1	a30cbe73e732c1ec518422096cfe672fec0500122c4093cc248386e68406c6e1	
UploadFiles/xwzx/2025/4/202504230952189829.jpg	UploadFiles/xwzx/2025/4/202504230952189829.jpg	2252393	b0a1c2fc3a6a61fe0c00902abfc402362614eac5a22c7dd1fb2f1c4754dace16	b0a1c2fc3a6a61fe0c00902abfc402362614eac5a22c7dd1fb2f1c4754dace16	
UploadFiles/xwzx/2025/4/202504230959303800.JPG	UploadFiles/xwzx/2025/4/202504230959303800.jpg	1141766	6ed60bd2f0dd6dcba3c5a3c6675f3e5b7f84e8c4e57c1de64770e0dfc5cd3d88	6ed60bd2f0dd6dcba3c5a3c6675f3e5b7f84e8c4e57c1de64770e0dfc5cd3d88	
UploadFiles/xwzx/2025/4/202504230959306096.jpg	UploadFiles/xwzx/2025/4/202504230959306096.jpg	1302241	1e1f635635eaf67ee86d87c9f0eef032f713a47756f12f072d11f077754e82a7	1e1f635635eaf67ee86d87c9f0eef032f713a47756f12f072d11f077754e82a7	
UploadFiles/xwzx/2025/4/202504230959308725.JPG	UploadFiles/xwzx/2025/4/202504230959308725.jpg	373063	0d2430fb1630e7de17129a5614ff2f3bf1fcc3ad183000cb2bd235fe9fbce20b	0d2430fb1630e7de17129a5614ff2f3bf1fcc3ad183000cb2bd235fe9fbce20b	
UploadFiles/xwzx/2025/4/202504231001401975.png	UploadFiles/xwzx/2025/4/202504231001401975.png	277679	25270b2bfc80074dd7c721934bd85e5dfa70a24bd6952928df813a2f8d38d48d	25270b2bfc80074dd7c721934bd85e5dfa70a24bd6952928df813a2f8d38d48d	
UploadFiles/xwzx/2025/4/202504231001403219.png	UploadFiles/xwzx/2025/4/202504231001403219.png	784195	b9d32a82a3bc2e48a2a1999472a43407975eac5e90616caa58c80060c2ff86e7	b9d32a82a3bc2e48a2a1999472a43407975eac5e90616caa58c80060c2ff86e7	
UploadFiles/xwzx/2025/4/202504231001405219.png	UploadFiles/xwzx/2025/4/202504231001405219.png	674027	85b8dc1687792788f22fa60b60d5bb83bc107093cbf9e6690c0899470a888b1d	85b8dc1687792788f22fa60b60d5bb83bc107093cbf9e6690c0899470a888b1d	
UploadFiles/xwzx/2025/4/202504231001409064.png	UploadFiles/xwzx/2025/4/202504231001409064.png	780609	e571ebef43337efc785f196c146963462870376dd468500691e0f02da9f816a8	e571ebef43337efc785f196c146963462870376dd468500691e0f02da9f816a8	
UploadFiles/xwzx/2025/4/202504231001409745.png	UploadFiles/xwzx/2025/4/202504231001409745.png	608620	ff0197a2974f3d533f4ce3db45cd0f39c06aaa4d021b8356304cee4af74b5b09	ff0197a2974f3d533f4ce3db45cd0f39c06aaa4d021b8356304cee4af74b5b09	
UploadFiles/xwzx/2025/4/202504231632244807.png	UploadFiles/xwzx/2025/4/202504231632244807.png	98821	4f8663cf1316b919e57278dbbb67828d3df7df90f7111310adc697eff69a0d54	4f8663cf1316b919e57278dbbb67828d3df7df90f7111310adc697eff69a0d54	
UploadFiles/xwzx/2025/4/202504240841330108.png	UploadFiles/xwzx/2025/4/202504240841330108.png	85590	232602e165d98a1aecd7a1b171dffbf5ce2e81d7c6d86c044cabed8720f1cc81	232602e165d98a1aecd7a1b171dffbf5ce2e81d7c6d86c044cabed8720f1cc81	
UploadFiles/xwzx/2025/4/202504241434536354.png	UploadFiles/xwzx/2025/4/202504241434536354.png	97444	5f8e879ae4d96d3258d972aee776f371812b2a8c79ce81ea8a2893ea90341a54	5f8e879ae4d96d3258d972aee776f371812b2a8c79ce81ea8a2893ea90341a54	
UploadFiles/xwzx/2025/4/202504241436492419.png	UploadFiles/xwzx/2025/4/202504241436492419.png	85648	1fa3c64a7b8f6d10165fca21a7a099b65e8ff84c1f9e5b9f5cbc226992660e0d	1fa3c64a7b8f6d10165fca21a7a099b65e8ff84c1f9e5b9f5cbc226992660e0d	
UploadFiles/xwzx/2025/4/202504241441598220.png	UploadFiles/xwzx/2025/4/202504241441598220.png	20976	900c828fe394bc603ebabb5f1fe8f5ae7fa99c511098ebb68152b98c6f366723	900c828fe394bc603ebabb5f1fe8f5ae7fa99c511098ebb68152b98c6f366723	
UploadFiles/xwzx/2025/4/202504241749403826.png	UploadFiles/xwzx/2025/4/202504241749403826.png	30720	f7b29e62bcb6e14c1245383adceecafda2fdd3fa73f9fdecf0fa08952e9c4472	f7b29e62bcb6e14c1245383adceecafda2fdd3fa73f9fdecf0fa08952e9c4472	
UploadFiles/xwzx/2025/4/202504250826049548.png	UploadFiles/xwzx/2025/4/202504250826049548.png	33642	80de50e5affa8c70f5d6d56709f248d433cd9d7292b63e1d568855fd79eb7e52	80de50e5affa8c70f5d6d56709f248d433cd9d7292b63e1d568855fd79eb7e52	
UploadFiles/xwzx/2025/4/202504250955349743.png	UploadFiles/xwzx/2025/4/202504250955349743.png	25719	277cf902af3aa93ecbb6ccca1a2187db000688d95ee86c1e85cf1e70c0f1a287	277cf902af3aa93ecbb6ccca1a2187db000688d95ee86c1e85cf1e70c0f1a287	
UploadFiles/xwzx/2025/4/202504271441124392.png	UploadFiles/xwzx/2025/4/202504271441124392.png	14863	9a6468118d867b81eb25caf3dd7e6a26a659a75e1ff2bcd65e6baaa7e7e887bd	9a6468118d867b81eb25caf3dd7e6a26a659a75e1ff2bcd65e6baaa7e7e887bd	
UploadFiles/xwzx/2025/4/202504271446598873.png	UploadFiles/xwzx/2025/4/202504271446598873.png	60068	fb3bbb094a228e0c4901c22326ff761214f8de5fa7690615970ac5ad2ab6606f	fb3bbb094a228e0c4901c22326ff761214f8de5fa7690615970ac5ad2ab6606f	
UploadFiles/xwzx/2025/4/202504271520474650.png	UploadFiles/xwzx/2025/4/202504271520474650.png	98488	2691b797ba40a0ef53afd5557ecc11ae36435cc2c79322bcb61b0517f1520538	2691b797ba40a0ef53afd5557ecc11ae36435cc2c79322bcb61b0517f1520538	
UploadFiles/xwzx/2025/4/202504271523464667.png	UploadFiles/xwzx/2025/4/202504271523464667.png	85648	5b81088b6a5fc4bf4b139dce25bf6f5ffd91691d7d37db374d5f55c180f8be6b	5b81088b6a5fc4bf4b139dce25bf6f5ffd91691d7d37db374d5f55c180f8be6b	
UploadFiles/xwzx/2025/4/202504280942588840.png	UploadFiles/xwzx/2025/4/202504280942588840.png	98627	cb94f84023113bd3f4c2b68cd00f15acd6523ddeae2641d4aad9718063a7b460	cb94f84023113bd3f4c2b68cd00f15acd6523ddeae2641d4aad9718063a7b460	
UploadFiles/xwzx/2025/4/202504281609567845.png	UploadFiles/xwzx/2025/4/202504281609567845.png	101799	aa9783cda4cee8bdced66fabb0792bae623235aed4b9285c93992a31aef6e19e	aa9783cda4cee8bdced66fabb0792bae623235aed4b9285c93992a31aef6e19e	
UploadFiles/xwzx/2025/4/202504291505051562.png	UploadFiles/xwzx/2025/4/202504291505051562.png	39910	3196d7c1daf134accfd98ac3da4eb5ba100f668eac2d98afae5386354eb2e0f8	3196d7c1daf134accfd98ac3da4eb5ba100f668eac2d98afae5386354eb2e0f8	
UploadFiles/xwzx/2025/4/202504291505053595.png	UploadFiles/xwzx/2025/4/202504291505053595.png	31188	9132a91749af46205a06238b4486d7fa091ab4aabab57e043d184a2c033c5ffc	9132a91749af46205a06238b4486d7fa091ab4aabab57e043d184a2c033c5ffc	
UploadFiles/xwzx/2025/4/202504291505054124.png	UploadFiles/xwzx/2025/4/202504291505054124.png	38238	19fced83a844d6c4dd5a400d36ce16e86e353da43b0f7f7c19b650eeb6451b5d	19fced83a844d6c4dd5a400d36ce16e86e353da43b0f7f7c19b650eeb6451b5d	
UploadFiles/xwzx/2025/4/202504291505054348.png	UploadFiles/xwzx/2025/4/202504291505054348.png	46928	2aee5783e6d00133640684dce02454670bfe7c477e7cdf82cf02f45b560b4bae	2aee5783e6d00133640684dce02454670bfe7c477e7cdf82cf02f45b560b4bae	
UploadFiles/xwzx/2025/4/202504291518240459.png	UploadFiles/xwzx/2025/4/202504291518240459.png	85605	380d23b69764279c414a8233fa5c457abf460ed42882f98f4ee0b1392835a8a9	380d23b69764279c414a8233fa5c457abf460ed42882f98f4ee0b1392835a8a9	
UploadFiles/xwzx/2025/4/202504291616339173.png	UploadFiles/xwzx/2025/4/202504291616339173.png	98447	fc033351cd137f6243ce1b0eb6eadfce11bbf91d43b750092cd4c95ca07cf375	fc033351cd137f6243ce1b0eb6eadfce11bbf91d43b750092cd4c95ca07cf375	
UploadFiles/xwzx/2025/4/202504291901032807.png	UploadFiles/xwzx/2025/4/202504291901032807.png	126159	4b34edc774cd90dbe1f423ff401fca0fec9f3fa67c04211d2edb0737a67fd1fb	4b34edc774cd90dbe1f423ff401fca0fec9f3fa67c04211d2edb0737a67fd1fb	
UploadFiles/xwzx/2025/4/202504301027112049.png	UploadFiles/xwzx/2025/4/202504301027112049.png	3891774	abe17a9137f950924f29ecb55467ebd6aa8198eb74c2df38928289a23f5571b4	abe17a9137f950924f29ecb55467ebd6aa8198eb74c2df38928289a23f5571b4	
UploadFiles/xwzx/2025/4/202504301027117259.jpg	UploadFiles/xwzx/2025/4/202504301027117259.jpg	1343255	75ae27843b021612408c7d582931d6c4d942f3fe8632a025c7c9c82f351acede	75ae27843b021612408c7d582931d6c4d942f3fe8632a025c7c9c82f351acede	
UploadFiles/xwzx/2025/4/202504301027126409.jpg	UploadFiles/xwzx/2025/4/202504301027126409.jpg	1852266	c8e8ea40de0bdbd693bb2d5f57bdbb1518d5e70ca7934ee1df89dad8cd37c574	c8e8ea40de0bdbd693bb2d5f57bdbb1518d5e70ca7934ee1df89dad8cd37c574	
UploadFiles/xwzx/2025/4/202504301027148199.JPG	UploadFiles/xwzx/2025/4/202504301027148199.jpg	1761152	d14b5ac5a0e6f9321eaf10870109deddd4b0384300f1377faa47a547701594c0	d14b5ac5a0e6f9321eaf10870109deddd4b0384300f1377faa47a547701594c0	
UploadFiles/xwzx/2025/4/202504301027148439.jpg	UploadFiles/xwzx/2025/4/202504301027148439.jpg	2271185	98b97b018f7d4ea93c25cb4ac10fa372279852703714bbeadd279ba93390fe42	98b97b018f7d4ea93c25cb4ac10fa372279852703714bbeadd279ba93390fe42	
UploadFiles/xwzx/2025/4/202504301027157943.jpg	UploadFiles/xwzx/2025/4/202504301027157943.jpg	2011854	6dca0a1009b89e3350d734cb10c083c92fb86afc5e44e1c68d76c39743843246	6dca0a1009b89e3350d734cb10c083c92fb86afc5e44e1c68d76c39743843246	
UploadFiles/xwzx/2025/4/202504301027183649.jpg	UploadFiles/xwzx/2025/4/202504301027183649.jpg	1641558	d6dec30374977a0979e6198fd4d03be2c71720096e5a15bf720262c8a4be2bca	d6dec30374977a0979e6198fd4d03be2c71720096e5a15bf720262c8a4be2bca	
UploadFiles/xwzx/2025/4/202504301027184918.jpg	UploadFiles/xwzx/2025/4/202504301027184918.jpg	2343770	487328587ad2dc51cfb46e07d6a857c58f6ee1540a10d1bd04259e5e4bb6c3dc	487328587ad2dc51cfb46e07d6a857c58f6ee1540a10d1bd04259e5e4bb6c3dc	
UploadFiles/xwzx/2025/4/202504301027207464.jpg	UploadFiles/xwzx/2025/4/202504301027207464.jpg	2215195	174d930dec01d237c6b7832b574cf8f5e03518ce27bb6344c6151300f2c3be34	174d930dec01d237c6b7832b574cf8f5e03518ce27bb6344c6151300f2c3be34	
UploadFiles/xwzx/2025/4/202504301027211924.jpg	UploadFiles/xwzx/2025/4/202504301027211924.jpg	1613730	fb95f72413ccb882a0ae830699435eb9b52b99997902513ad2d2c7cd0ed16b5b	fb95f72413ccb882a0ae830699435eb9b52b99997902513ad2d2c7cd0ed16b5b	
UploadFiles/xwzx/2025/4/202504301027214275.jpg	UploadFiles/xwzx/2025/4/202504301027214275.jpg	1510140	0c87ccbd298dc422aca036e55389d29c0d35d3947814a3d65988e778399a37a6	0c87ccbd298dc422aca036e55389d29c0d35d3947814a3d65988e778399a37a6	
UploadFiles/xwzx/2025/4/202504301027224105.jpg	UploadFiles/xwzx/2025/4/202504301027224105.jpg	2505521	68b579adcec564c391fc98aa053728916a5e1dec28085b5fc8719e3987ca22bd	68b579adcec564c391fc98aa053728916a5e1dec28085b5fc8719e3987ca22bd	
UploadFiles/xwzx/2025/4/202504301027276574.JPG	UploadFiles/xwzx/2025/4/202504301027276574.jpg	2605111	a5831e2d9aa55d99641cbf57f5ffff0efc8097c5ed6619f5bc55fcd5a7e32326	a5831e2d9aa55d99641cbf57f5ffff0efc8097c5ed6619f5bc55fcd5a7e32326	
UploadFiles/xwzx/2025/4/202504301027305061.JPG	UploadFiles/xwzx/2025/4/202504301027305061.jpg	3020967	acbab923980373336f2a48019219e034de8ed752fe95f0e190c1170f54829bc1	acbab923980373336f2a48019219e034de8ed752fe95f0e190c1170f54829bc1	
UploadFiles/xwzx/2025/4/202504301027306152.jpg	UploadFiles/xwzx/2025/4/202504301027306152.jpg	3267687	79221993babfa3709413d9dbf19b6b79c5413e2825cbdef7d1890e347e4b0dcd	79221993babfa3709413d9dbf19b6b79c5413e2825cbdef7d1890e347e4b0dcd	
UploadFiles/xwzx/2025/4/202504301027342224.jpg	UploadFiles/xwzx/2025/4/202504301027342224.jpg	2378247	566fe405eb1126b1da139f94182331ebbde0eb78518f50f9895234b0b573f541	566fe405eb1126b1da139f94182331ebbde0eb78518f50f9895234b0b573f541	
UploadFiles/xwzx/2025/4/202504301027348557.jpg	UploadFiles/xwzx/2025/4/202504301027348557.jpg	4392977	79fc8d9771d1f9490941dfaa28db1dda882c6e9f5dd9c4b0982377a2d03c830a	79fc8d9771d1f9490941dfaa28db1dda882c6e9f5dd9c4b0982377a2d03c830a	
UploadFiles/xwzx/2025/4/202504301027378846.jpg	UploadFiles/xwzx/2025/4/202504301027378846.jpg	4811776	91a0ea78d1bcabd9f0b06a0acaf5506e90146dae35bad13c8fc903a7d4811f9f	91a0ea78d1bcabd9f0b06a0acaf5506e90146dae35bad13c8fc903a7d4811f9f	
UploadFiles/xwzx/2025/4/202504301027403387.jpg	UploadFiles/xwzx/2025/4/202504301027403387.jpg	3708002	65c9441d0d51fbff9520e9323d9f80c5e6efca306c7dde2ef02601aca1409611	65c9441d0d51fbff9520e9323d9f80c5e6efca306c7dde2ef02601aca1409611	
UploadFiles/xwzx/2025/4/202504301027425828.JPG	UploadFiles/xwzx/2025/4/202504301027425828.jpg	2332837	d2eddebcc72b1275baa55ca8d6df910dc57e463dca777b3514d19def5b6ccffc	d2eddebcc72b1275baa55ca8d6df910dc57e463dca777b3514d19def5b6ccffc	
UploadFiles/xwzx/2025/4/202504301027426081.jpg	UploadFiles/xwzx/2025/4/202504301027426081.jpg	3905158	231bbb0738c81bc9637acef31be28d7529cf0297b53fe3d3b45a405e8f4136ab	231bbb0738c81bc9637acef31be28d7529cf0297b53fe3d3b45a405e8f4136ab	
UploadFiles/xwzx/2025/4/202504301027441715.JPG	UploadFiles/xwzx/2025/4/202504301027441715.jpg	2594125	6a4e61f8cc9de6b5b00c0d4ebfdec14190b6ad28cd24cf9cc0b6e09d2e84c805	6a4e61f8cc9de6b5b00c0d4ebfdec14190b6ad28cd24cf9cc0b6e09d2e84c805	
UploadFiles/xwzx/2025/4/202504301027448484.jpg	UploadFiles/xwzx/2025/4/202504301027448484.jpg	4374224	ca3db7697f0dead419d57529eb64ad239fa932dc1cfafe5528dff14b425ce17e	ca3db7697f0dead419d57529eb64ad239fa932dc1cfafe5528dff14b425ce17e	
UploadFiles/xwzx/2025/4/202504301027466675.JPG	UploadFiles/xwzx/2025/4/202504301027466675.jpg	2271200	c66e913fe493a85c936e955cb11eab1eed640c7c4bba9147108c768a0a5c9207	c66e913fe493a85c936e955cb11eab1eed640c7c4bba9147108c768a0a5c9207	
UploadFiles/xwzx/2025/4/202504301027474512.JPG	UploadFiles/xwzx/2025/4/202504301027474512.jpg	2399215	ab62f234c1f3360c9215fc1c3afa16aa82099315e209574c375032b58b92f685	ab62f234c1f3360c9215fc1c3afa16aa82099315e209574c375032b58b92f685	
UploadFiles/xwzx/2025/4/202504301027489678.JPG	UploadFiles/xwzx/2025/4/202504301027489678.jpg	2050751	fe3035357080664a4e46f4a08dae7725690b17af3d678ddff7dc16c2e8feeecf	fe3035357080664a4e46f4a08dae7725690b17af3d678ddff7dc16c2e8feeecf	
UploadFiles/xwzx/2025/4/202504301027490103.JPG	UploadFiles/xwzx/2025/4/202504301027490103.jpg	1971782	f4b0e5d99f29a5f46ad87a12d7cfbe0616367036e0903aca74e604d5ff281db2	f4b0e5d99f29a5f46ad87a12d7cfbe0616367036e0903aca74e604d5ff281db2	
UploadFiles/xwzx/2025/4/202504301027523755.JPG	UploadFiles/xwzx/2025/4/202504301027523755.jpg	3744900	6734a7d94473103ca8e443b2756c49cf43f435f3991e1de8ce7d7645e33efe0c	6734a7d94473103ca8e443b2756c49cf43f435f3991e1de8ce7d7645e33efe0c	
UploadFiles/xwzx/2025/4/202504301027531559.JPG	UploadFiles/xwzx/2025/4/202504301027531559.jpg	4277601	07602db6f66f537b70d4e3302b37b551c8c8bd421eee60acf6f63d8815b97378	07602db6f66f537b70d4e3302b37b551c8c8bd421eee60acf6f63d8815b97378	
UploadFiles/xwzx/2025/4/202504301027560653.JPG	UploadFiles/xwzx/2025/4/202504301027560653.jpg	3918450	a6f7fd091e32ba50b703e2cc22060221f82d6bda69e4a9c54936e24503b8f789	a6f7fd091e32ba50b703e2cc22060221f82d6bda69e4a9c54936e24503b8f789	
UploadFiles/xwzx/2025/4/202504301027563655.JPG	UploadFiles/xwzx/2025/4/202504301027563655.jpg	1873865	c470920a8eb968bf8284a89b53ce5469defd2e816ccf574d3e49b6b5274a8e53	c470920a8eb968bf8284a89b53ce5469defd2e816ccf574d3e49b6b5274a8e53	
UploadFiles/xwzx/2025/4/202504301027579007.JPG	UploadFiles/xwzx/2025/4/202504301027579007.jpg	1404550	34620969deff5c5209ddc05dd1a3d01c3c2621f73bd1b02b8a9c4ed646f3436a	34620969deff5c5209ddc05dd1a3d01c3c2621f73bd1b02b8a9c4ed646f3436a	
UploadFiles/xwzx/2025/4/202504301027596231.JPG	UploadFiles/xwzx/2025/4/202504301027596231.jpg	3555533	5a1d5e7019dcb90be6ee9783eaa2f15c1276fb80db6770c2d4897c2804b092b3	5a1d5e7019dcb90be6ee9783eaa2f15c1276fb80db6770c2d4897c2804b092b3	
UploadFiles/xwzx/2025/4/202504301028018619.JPG	UploadFiles/xwzx/2025/4/202504301028018619.jpg	3934759	894b3e0e231ba5e9f5e0694b565fce6afb999c085c686ebfe01f2e618e547bd1	894b3e0e231ba5e9f5e0694b565fce6afb999c085c686ebfe01f2e618e547bd1	
UploadFiles/xwzx/2025/4/202504301028031480.JPG	UploadFiles/xwzx/2025/4/202504301028031480.jpg	3281517	f238847bbcbfc811938fcac814bf2370779945e9c743d1e990de7f53d94c07c2	f238847bbcbfc811938fcac814bf2370779945e9c743d1e990de7f53d94c07c2	
UploadFiles/xwzx/2025/4/202504301028037821.JPG	UploadFiles/xwzx/2025/4/202504301028037821.jpg	2347017	b0c7e271ff95a8b02a4040e624e9620d9f93104e236efff0a31a079a03e6479c	b0c7e271ff95a8b02a4040e624e9620d9f93104e236efff0a31a079a03e6479c	
UploadFiles/xwzx/2025/4/202504301028058321.JPG	UploadFiles/xwzx/2025/4/202504301028058321.jpg	3548813	a104f8d407c6e21c9310364b560c0b6bd21a1b1deaee7b8ba038f2443ed5094a	a104f8d407c6e21c9310364b560c0b6bd21a1b1deaee7b8ba038f2443ed5094a	
UploadFiles/xwzx/2025/4/202504301354229677.png	UploadFiles/xwzx/2025/4/202504301354229677.png	86323	0d6610432a1e11604e81e9d1e9ca4f2cb6403cc050f4cdf66718d4901b61e526	0d6610432a1e11604e81e9d1e9ca4f2cb6403cc050f4cdf66718d4901b61e526	
UploadFiles/xwzx/2025/4/202504301544498772.png	UploadFiles/xwzx/2025/4/202504301544498772.png	11908	2e62879f2c548579eb52dcdd8e050cfafd296779a4f22f6be38e90b3d6bdbcf8	2e62879f2c548579eb52dcdd8e050cfafd296779a4f22f6be38e90b3d6bdbcf8	
UploadFiles/xwzx/2025/5/202505061233453927.png	UploadFiles/xwzx/2025/5/202505061233453927.png	85466	4ec606b209a8baf2f46fb9770b0aea1a54647cfd7b9f447363e1c6371aa35908	4ec606b209a8baf2f46fb9770b0aea1a54647cfd7b9f447363e1c6371aa35908	
UploadFiles/xwzx/2025/5/202505061504343621.png	UploadFiles/xwzx/2025/5/202505061504343621.png	99182	bc18b3bbc1be7b87469a456a77cfff84dbf53e479b342713288b6113fe300096	bc18b3bbc1be7b87469a456a77cfff84dbf53e479b342713288b6113fe300096	
UploadFiles/xwzx/2025/5/202505061506063891.png	UploadFiles/xwzx/2025/5/202505061506063891.png	97519	954e59bd178fda2449dfad0b5e8543a3b438f08401f9e191f499242c6bffbb0f	954e59bd178fda2449dfad0b5e8543a3b438f08401f9e191f499242c6bffbb0f	
UploadFiles/xwzx/2025/5/202505070850260611.jpg	UploadFiles/xwzx/2025/5/202505070850260611.jpg	310392	98c947370eea771d91028429d56b92c58f174ee2df17182058eec120b1d1c328	98c947370eea771d91028429d56b92c58f174ee2df17182058eec120b1d1c328	
UploadFiles/xwzx/2025/5/202505070850268661.jpg	UploadFiles/xwzx/2025/5/202505070850268661.jpg	90048	cf456716839cc678c631b2fd0f34ff5b1489c7a964c00f28af9dc25212eb8862	cf456716839cc678c631b2fd0f34ff5b1489c7a964c00f28af9dc25212eb8862	
UploadFiles/xwzx/2025/5/202505071548221030.png	UploadFiles/xwzx/2025/5/202505071548221030.png	98124	9b7eb800434b38926e80a767c36c136b82059dd6bd0ad0819f0a69493e3d71d6	9b7eb800434b38926e80a767c36c136b82059dd6bd0ad0819f0a69493e3d71d6	
UploadFiles/xwzx/2025/5/202505071550011726.png	UploadFiles/xwzx/2025/5/202505071550011726.png	86290	1861c9dd256d9968623c7d51dc54c49f55e96aa644f11eef4d3c3d49782fee29	1861c9dd256d9968623c7d51dc54c49f55e96aa644f11eef4d3c3d49782fee29	
UploadFiles/xwzx/2025/5/202505081601436857.png	UploadFiles/xwzx/2025/5/202505081601436857.png	98010	d20fe84678f0b24f5b4618fb6f3febb91a0fcb8a09e2ecb8d2de4fb14abe2b09	d20fe84678f0b24f5b4618fb6f3febb91a0fcb8a09e2ecb8d2de4fb14abe2b09	
UploadFiles/xwzx/2025/5/202505081603208316.png	UploadFiles/xwzx/2025/5/202505081603208316.png	85547	5869717edf556f1a5e20193b3b41780667d87a806d013d7b0fd22066adc62814	5869717edf556f1a5e20193b3b41780667d87a806d013d7b0fd22066adc62814	
UploadFiles/xwzx/2025/5/202505090824375779.gif	UploadFiles/xwzx/2025/5/202505090824375779.gif	1012	62c86a7776611273707faece405890b74a8c521b17a73e339875d8aa4f9ca361	62c86a7776611273707faece405890b74a8c521b17a73e339875d8aa4f9ca361	
UploadFiles/xwzx/2025/5/202505091531096640.png	UploadFiles/xwzx/2025/5/202505091531096640.png	97654	6fd336a0e03e918ffa19384d34c2de8628cff5219d4cc393d191d34b9b503078	6fd336a0e03e918ffa19384d34c2de8628cff5219d4cc393d191d34b9b503078	
UploadFiles/xwzx/2025/5/202505120739514985.png	UploadFiles/xwzx/2025/5/202505120739514985.png	224552	123c9224d6bbc596995a7e3a667820d70559027dfc17b9301f1bd56e476d256b	123c9224d6bbc596995a7e3a667820d70559027dfc17b9301f1bd56e476d256b	
UploadFiles/xwzx/2025/5/202505121635392052.png	UploadFiles/xwzx/2025/5/202505121635392052.png	98601	78edc2c794a74c257ed1884ec8d0cb7f9d15229fd77e37305d16b83e3d4ed707	78edc2c794a74c257ed1884ec8d0cb7f9d15229fd77e37305d16b83e3d4ed707	
UploadFiles/xwzx/2025/5/202505130831401328.png	UploadFiles/xwzx/2025/5/202505130831401328.png	100642	ce4957c2f2b101b66541e1d43318cad632d8cd23c1a92a33a8f78d2e64c20ea7	ce4957c2f2b101b66541e1d43318cad632d8cd23c1a92a33a8f78d2e64c20ea7	
UploadFiles/xwzx/2025/5/202505131442557541.jpg	UploadFiles/xwzx/2025/5/202505131442557541.jpg	17961	a581073a7a12e20a3c82cea2e0b4084e99885cae1c28a860adcea3596231b6a2	a581073a7a12e20a3c82cea2e0b4084e99885cae1c28a860adcea3596231b6a2	
UploadFiles/xwzx/2025/5/202505131446573816.png	UploadFiles/xwzx/2025/5/202505131446573816.png	143315	2c0b1dfb7b84f0231c10bc2656f7ad1d1cf66ce51521c53efde17b7415623e5f	2c0b1dfb7b84f0231c10bc2656f7ad1d1cf66ce51521c53efde17b7415623e5f	
UploadFiles/xwzx/2025/5/202505131446575508.png	UploadFiles/xwzx/2025/5/202505131446575508.png	176993	ac201d8e10e1b940b9c9427a3dc971a0672a0bff6389ec797630e017e68e2531	ac201d8e10e1b940b9c9427a3dc971a0672a0bff6389ec797630e017e68e2531	
UploadFiles/xwzx/2025/5/202505131446576241.png	UploadFiles/xwzx/2025/5/202505131446576241.png	182527	50e004647c09b33e716025a7888396adc72c35e7f7b3862010541bb08e1f4081	50e004647c09b33e716025a7888396adc72c35e7f7b3862010541bb08e1f4081	
UploadFiles/xwzx/2025/5/202505131448407032.JPG	UploadFiles/xwzx/2025/5/202505131448407032.jpg	15495338	6dc2dee1a3265658a3e959ff3b0f0b58797d20c3d7f01d58a698e906020ea52a	6dc2dee1a3265658a3e959ff3b0f0b58797d20c3d7f01d58a698e906020ea52a	
UploadFiles/xwzx/2025/5/202505131448433675.JPG	UploadFiles/xwzx/2025/5/202505131448433675.jpg	13887811	0cdb39023748256d9d3a6cb7f1b461b10d6bbc9b3097cf4c3df23399888e0273	0cdb39023748256d9d3a6cb7f1b461b10d6bbc9b3097cf4c3df23399888e0273	
UploadFiles/xwzx/2025/5/202505131448444631.JPG	UploadFiles/xwzx/2025/5/202505131448444631.jpg	16046628	ec0a16bb5001e799a0cd8ec654567402127f35ccb3f289ec0956abc8dc7b26b8	ec0a16bb5001e799a0cd8ec654567402127f35ccb3f289ec0956abc8dc7b26b8	
UploadFiles/xwzx/2025/5/202505131448448027.JPG	UploadFiles/xwzx/2025/5/202505131448448027.jpg	15661204	dcb7abbc37a1ab756120441c1ae7ad67fce8d819e7246ec27f1521b5ff2676b1	dcb7abbc37a1ab756120441c1ae7ad67fce8d819e7246ec27f1521b5ff2676b1	
UploadFiles/xwzx/2025/5/202505131448473086.JPG	UploadFiles/xwzx/2025/5/202505131448473086.jpg	17125226	ea38099a3764e0d62ed17da5d60108300acbc19747829ad6692f71cf584d069d	ea38099a3764e0d62ed17da5d60108300acbc19747829ad6692f71cf584d069d	
UploadFiles/xwzx/2025/5/202505131448487441.JPG	UploadFiles/xwzx/2025/5/202505131448487441.jpg	14485466	3a1f43e9560dc8ebf7e5c3df18c58efdd669c8d9353de922a8cec9d436a7e2a7	3a1f43e9560dc8ebf7e5c3df18c58efdd669c8d9353de922a8cec9d436a7e2a7	
UploadFiles/xwzx/2025/5/202505131448502926.JPG	UploadFiles/xwzx/2025/5/202505131448502926.jpg	16096841	d05d45b3410e8dcbf700e88f3691d666690e7532c9059d547cd40e7aefded6e0	d05d45b3410e8dcbf700e88f3691d666690e7532c9059d547cd40e7aefded6e0	
UploadFiles/xwzx/2025/5/202505131448527514.JPG	UploadFiles/xwzx/2025/5/202505131448527514.jpg	16920805	3be71001a6d812135ca579662f65903f7932e8b47e79b4ec2896a02c6ba6b7a6	3be71001a6d812135ca579662f65903f7932e8b47e79b4ec2896a02c6ba6b7a6	
UploadFiles/xwzx/2025/5/202505131448530637.JPG	UploadFiles/xwzx/2025/5/202505131448530637.jpg	15987562	a477a358f341dc9e527361f20d81b36576d7cca346aea01b2df38c006918b1c6	a477a358f341dc9e527361f20d81b36576d7cca346aea01b2df38c006918b1c6	
UploadFiles/xwzx/2025/5/202505131448532131.JPG	UploadFiles/xwzx/2025/5/202505131448532131.jpg	16582526	031909c91bed53fce96232fa0f5d20784734538d1815abf10cfe5922d7e58146	031909c91bed53fce96232fa0f5d20784734538d1815abf10cfe5922d7e58146	
UploadFiles/xwzx/2025/5/202505131451245106.png	UploadFiles/xwzx/2025/5/202505131451245106.png	8543247	2cd0796c09b6a9aff15e88278c5afac9fcbf858c4231e2a0596f9519b0689762	2cd0796c09b6a9aff15e88278c5afac9fcbf858c4231e2a0596f9519b0689762	
UploadFiles/xwzx/2025/5/202505131451360779.png	UploadFiles/xwzx/2025/5/202505131451360779.png	2896873	73c9147042ae4f6aaf7f605df1e253dbf0ec38210e666d9bb006750360d8a765	73c9147042ae4f6aaf7f605df1e253dbf0ec38210e666d9bb006750360d8a765	
UploadFiles/xwzx/2025/5/202505131451462952.png	UploadFiles/xwzx/2025/5/202505131451462952.png	4152831	3e1bbc26b413726b4e7c32358f8fa89a63d7b5c9307a3153cfacae496102aa92	3e1bbc26b413726b4e7c32358f8fa89a63d7b5c9307a3153cfacae496102aa92	
UploadFiles/xwzx/2025/5/202505131515414322.gif	UploadFiles/xwzx/2025/5/202505131515414322.gif	970	2e20adfa5746298c73e199693934f04f5416d373daa6dd0d5e73a337f2f36dff	2e20adfa5746298c73e199693934f04f5416d373daa6dd0d5e73a337f2f36dff	
UploadFiles/xwzx/2025/5/202505131528533547.png	UploadFiles/xwzx/2025/5/202505131528533547.png	85540	5b612a3462c48137b39a83a013fa074088f516295cc1cd02ecdfb4f3bfb1c2ce	5b612a3462c48137b39a83a013fa074088f516295cc1cd02ecdfb4f3bfb1c2ce	
UploadFiles/xwzx/2025/5/202505141535265187.png	UploadFiles/xwzx/2025/5/202505141535265187.png	85555	8518d0046a7de3d1508e07cdd42f961b6ffb3e8ad7f43add8faed454b18fd436	8518d0046a7de3d1508e07cdd42f961b6ffb3e8ad7f43add8faed454b18fd436	
UploadFiles/xwzx/2025/5/202505141558043690.png	UploadFiles/xwzx/2025/5/202505141558043690.png	97065	f9c77eaecd3a0eee6c239d0b6b543f028767b51e4e3eed04f4f0c1586e7b0fa3	f9c77eaecd3a0eee6c239d0b6b543f028767b51e4e3eed04f4f0c1586e7b0fa3	
UploadFiles/xwzx/2025/5/202505141648126196.gif	UploadFiles/xwzx/2025/5/202505141648126196.gif	1012	62c86a7776611273707faece405890b74a8c521b17a73e339875d8aa4f9ca361	62c86a7776611273707faece405890b74a8c521b17a73e339875d8aa4f9ca361	
UploadFiles/xwzx/2025/5/202505141658183274.png	UploadFiles/xwzx/2025/5/202505141658183274.png	16201	66ecdaa9e3d4b5fe135ab988836cb662d999bfd79a7f5e2812ac92c78b93bfea	66ecdaa9e3d4b5fe135ab988836cb662d999bfd79a7f5e2812ac92c78b93bfea	
UploadFiles/xwzx/2025/5/202505141658186303.png	UploadFiles/xwzx/2025/5/202505141658186303.png	31837	2f11a7b452f022ccee00a21227dc15f06bfc893e7c6f13bc23505824b99b8210	2f11a7b452f022ccee00a21227dc15f06bfc893e7c6f13bc23505824b99b8210	
UploadFiles/xwzx/2025/5/202505151451073171.png	UploadFiles/xwzx/2025/5/202505151451073171.png	86325	4b94a1c6c354262ca9d45b823490ee752025f4cf245f9bb1ec8f3efe1cde6123	4b94a1c6c354262ca9d45b823490ee752025f4cf245f9bb1ec8f3efe1cde6123	
UploadFiles/xwzx/2025/5/202505151452224144.png	UploadFiles/xwzx/2025/5/202505151452224144.png	98518	68a9d8f90d0aa9ad16b5b43d49b8dd6a85fa03689fcfcb870c73beccf45dd0a3	68a9d8f90d0aa9ad16b5b43d49b8dd6a85fa03689fcfcb870c73beccf45dd0a3	
UploadFiles/xwzx/2025/5/202505151730395613.png	UploadFiles/xwzx/2025/5/202505151730395613.png	193740	74cbac7cc5548803a4d7c55188d0be8bc9f88e526ae5c0bd47f7fd1260e5bfee	74cbac7cc5548803a4d7c55188d0be8bc9f88e526ae5c0bd47f7fd1260e5bfee	
UploadFiles/xwzx/2025/5/202505151731021203.png	UploadFiles/xwzx/2025/5/202505151731021203.png	46836	732d9d8691f4e3ecb3d197167922da9ab15c67dbad03414b86e3e384f82741ce	732d9d8691f4e3ecb3d197167922da9ab15c67dbad03414b86e3e384f82741ce	
UploadFiles/xwzx/2025/5/202505160859025981.png	UploadFiles/xwzx/2025/5/202505160859025981.png	38549	92a13c0877bfd1737ba14fcdd189a5fcd49497d5e897fff9585b45d74fb35fbf	92a13c0877bfd1737ba14fcdd189a5fcd49497d5e897fff9585b45d74fb35fbf	
UploadFiles/xwzx/2025/5/202505160859029674.png	UploadFiles/xwzx/2025/5/202505160859029674.png	47437	7e996aa058ebf4b8bbd947dae895e54351574cdd27cfff663c30c71c24644e6c	7e996aa058ebf4b8bbd947dae895e54351574cdd27cfff663c30c71c24644e6c	
UploadFiles/xwzx/2025/5/202505161109394876.png	UploadFiles/xwzx/2025/5/202505161109394876.png	240370	d0616839a0d78007c24a138c08dc9bdcc5ce7f01bfc03196c5a503410d59a5c8	d0616839a0d78007c24a138c08dc9bdcc5ce7f01bfc03196c5a503410d59a5c8	
UploadFiles/xwzx/2025/5/202505161353576536.jpg	UploadFiles/xwzx/2025/5/202505161353576536.jpg	22825	5fb5cec0d8c5cdfd386c4c9a99492a4743e81e473578e35109a3fce06210f9f5	5fb5cec0d8c5cdfd386c4c9a99492a4743e81e473578e35109a3fce06210f9f5	
UploadFiles/xwzx/2025/5/202505161419244544.png	UploadFiles/xwzx/2025/5/202505161419244544.png	97550	f450fb031d3094d4fa1950a96d42b6d21c0e22f5a8ef0cdc55747efce441ccc8	f450fb031d3094d4fa1950a96d42b6d21c0e22f5a8ef0cdc55747efce441ccc8	
UploadFiles/xwzx/2025/5/202505162022311098.png	UploadFiles/xwzx/2025/5/202505162022311098.png	73388	22a9937d4a162593f8d85fb66c76df4f8c1c760d804f424c6c72e2f1a1448212	22a9937d4a162593f8d85fb66c76df4f8c1c760d804f424c6c72e2f1a1448212	
UploadFiles/xwzx/2025/5/202505191025260527.png	UploadFiles/xwzx/2025/5/202505191025260527.png	98464	cd75a3b1b4435dbcda35edbec195cc2e463c0be17c0cd2691df2fd39bd6480e4	cd75a3b1b4435dbcda35edbec195cc2e463c0be17c0cd2691df2fd39bd6480e4	
UploadFiles/xwzx/2025/5/202505191502104618.png	UploadFiles/xwzx/2025/5/202505191502104618.png	98864	9d1d6dac16bbfd4fe21c6e94a10e0637b8b214dc509ebe5638633ae556850aed	9d1d6dac16bbfd4fe21c6e94a10e0637b8b214dc509ebe5638633ae556850aed	
UploadFiles/xwzx/2025/5/202505201418175388.png	UploadFiles/xwzx/2025/5/202505201418175388.png	99248	6ec281b9d1e9672aeae3044cf29dd63843d8d487c1d6b2d267e3df4abf2c3062	6ec281b9d1e9672aeae3044cf29dd63843d8d487c1d6b2d267e3df4abf2c3062	
UploadFiles/xwzx/2025/5/202505221419068159.png	UploadFiles/xwzx/2025/5/202505221419068159.png	86277	9b21e4603dd4d17e6307061c321a1802562c0f9dfdee80d3212874ca195e3a4a	9b21e4603dd4d17e6307061c321a1802562c0f9dfdee80d3212874ca195e3a4a	
UploadFiles/xwzx/2025/5/202505221419558746.png	UploadFiles/xwzx/2025/5/202505221419558746.png	99072	cee2d24b9a1dd6716cd4dc6f8214cb2d707d1b6f7453ba4974833b5269780fa6	cee2d24b9a1dd6716cd4dc6f8214cb2d707d1b6f7453ba4974833b5269780fa6	
UploadFiles/xwzx/2025/5/202505231344040978.png	UploadFiles/xwzx/2025/5/202505231344040978.png	40424	55b84f1b7bbd2068eb84820f6c7ad4b2a685e2e523a6f00bfa61981b36028582	55b84f1b7bbd2068eb84820f6c7ad4b2a685e2e523a6f00bfa61981b36028582	
UploadFiles/xwzx/2025/5/202505231344044949.png	UploadFiles/xwzx/2025/5/202505231344044949.png	32717	478a5ead66a90ffc1744c26e703a1351ca4510024b2e31355916b6de213f5866	478a5ead66a90ffc1744c26e703a1351ca4510024b2e31355916b6de213f5866	
UploadFiles/xwzx/2025/5/202505231450052868.png	UploadFiles/xwzx/2025/5/202505231450052868.png	98922	2ec7e83d034c0e9ab0ad245510f25168222d7c2b4732092899e58e9fe223094b	2ec7e83d034c0e9ab0ad245510f25168222d7c2b4732092899e58e9fe223094b	
UploadFiles/xwzx/2025/5/202505231512363058.png	UploadFiles/xwzx/2025/5/202505231512363058.png	28077	c127b6fdafea5519dbc9ebf3e007dd6f9d5f64428145d3dc2d908dd64600b7bf	c127b6fdafea5519dbc9ebf3e007dd6f9d5f64428145d3dc2d908dd64600b7bf	
UploadFiles/xwzx/2025/5/202505261022389858.png	UploadFiles/xwzx/2025/5/202505261022389858.png	99329	5dac85ab520145faf8b440910980a41dd0d2dae714cb5585b6ea0bdf848f1c57	5dac85ab520145faf8b440910980a41dd0d2dae714cb5585b6ea0bdf848f1c57	
UploadFiles/xwzx/2025/5/202505261414362781.JPG	UploadFiles/xwzx/2025/5/202505261414362781.jpg	3247002	1b7b15bfb9288d892977b7e867a47124b48b11ec95381dade55906bd45edc9c2	1b7b15bfb9288d892977b7e867a47124b48b11ec95381dade55906bd45edc9c2	
UploadFiles/xwzx/2025/5/202505261414368593.JPG	UploadFiles/xwzx/2025/5/202505261414368593.jpg	1915632	b1b6de0e7a252f8790f1b02717b72ca64fc2d2690990f6eec459b0b11d458c43	b1b6de0e7a252f8790f1b02717b72ca64fc2d2690990f6eec459b0b11d458c43	
UploadFiles/xwzx/2025/5/202505261414389477.JPG	UploadFiles/xwzx/2025/5/202505261414389477.jpg	2682545	f9f8249f9d1a52ffff2cbe0c8eed945a878b8f5f42d9c7967e41f8aea3f28b10	f9f8249f9d1a52ffff2cbe0c8eed945a878b8f5f42d9c7967e41f8aea3f28b10	
UploadFiles/xwzx/2025/5/202505261416436492.png	UploadFiles/xwzx/2025/5/202505261416436492.png	2691258	944c58d621748c33d22f0d04e3ae93dbb95ebbf25d42d7f3e1cc5ebb07072e4b	944c58d621748c33d22f0d04e3ae93dbb95ebbf25d42d7f3e1cc5ebb07072e4b	
UploadFiles/xwzx/2025/5/202505261416440929.png	UploadFiles/xwzx/2025/5/202505261416440929.png	3525085	df61ccb478322d0acdd52d8dffeee2696333afc8c7ec694512bfa5ef7bc525ec	df61ccb478322d0acdd52d8dffeee2696333afc8c7ec694512bfa5ef7bc525ec	
UploadFiles/xwzx/2025/5/202505261416447774.png	UploadFiles/xwzx/2025/5/202505261416447774.png	3363603	e8e795bba804ce0593ae41570e5b233d7dda86160279b5db59f5e3e541db32fc	e8e795bba804ce0593ae41570e5b233d7dda86160279b5db59f5e3e541db32fc	
UploadFiles/xwzx/2025/5/202505261416471919.jpg	UploadFiles/xwzx/2025/5/202505261416471919.jpg	2883828	713bc0d678b31f2b25b20e0a56eb42c7b9be6e933175323005060706b89f2450	713bc0d678b31f2b25b20e0a56eb42c7b9be6e933175323005060706b89f2450	
UploadFiles/xwzx/2025/5/202505261416482606.jpg	UploadFiles/xwzx/2025/5/202505261416482606.jpg	2657120	a24019ff09f344056cd18a8387a4da30781f9d91108262a8a675ee8d8aa8776d	a24019ff09f344056cd18a8387a4da30781f9d91108262a8a675ee8d8aa8776d	
UploadFiles/xwzx/2025/5/202505261416489572.jpg	UploadFiles/xwzx/2025/5/202505261416489572.jpg	2677718	cc2797127d42692cb6d50594d19f8267b660634deeeab14dbe70dbc9d82f3dd4	cc2797127d42692cb6d50594d19f8267b660634deeeab14dbe70dbc9d82f3dd4	
UploadFiles/xwzx/2025/5/202505261416519779.jpg	UploadFiles/xwzx/2025/5/202505261416519779.jpg	4753538	2d608b21736577e312e4f83cb6e0d91ba70834313b7d0e2cb2429de8dbd93359	2d608b21736577e312e4f83cb6e0d91ba70834313b7d0e2cb2429de8dbd93359	
UploadFiles/xwzx/2025/5/202505261416536703.jpg	UploadFiles/xwzx/2025/5/202505261416536703.jpg	3977835	9fd910c2b5c88d02bb89fe9ddf859ae5485f4465f2db05facd10c3eb9da00c03	9fd910c2b5c88d02bb89fe9ddf859ae5485f4465f2db05facd10c3eb9da00c03	
UploadFiles/xwzx/2025/5/202505261416558602.jpg	UploadFiles/xwzx/2025/5/202505261416558602.jpg	4365904	7a01185f67d9457f229c3added8666567839cbc5e799cd5cbc941034ff08e10b	7a01185f67d9457f229c3added8666567839cbc5e799cd5cbc941034ff08e10b	
UploadFiles/xwzx/2025/5/202505261416584206.jpg	UploadFiles/xwzx/2025/5/202505261416584206.jpg	3974510	93189940be8a1d1ff58f774fbdcbf860d8989e61e4fbe2cf42eb54ccda1a0fe7	93189940be8a1d1ff58f774fbdcbf860d8989e61e4fbe2cf42eb54ccda1a0fe7	
UploadFiles/xwzx/2025/5/202505261416594344.jpg	UploadFiles/xwzx/2025/5/202505261416594344.jpg	2734231	1c37709480ec88c217d577ecb4c55e29faee412ac4e982a5e798bdb340b259cc	1c37709480ec88c217d577ecb4c55e29faee412ac4e982a5e798bdb340b259cc	
UploadFiles/xwzx/2025/5/202505261417003783.jpg	UploadFiles/xwzx/2025/5/202505261417003783.jpg	3699382	ff76c49f901fb3cf903f77cd05b0f799e9185a4134b5c3919bca9aba4f0ee201	ff76c49f901fb3cf903f77cd05b0f799e9185a4134b5c3919bca9aba4f0ee201	
UploadFiles/xwzx/2025/5/202505261417018836.jpg	UploadFiles/xwzx/2025/5/202505261417018836.jpg	2879479	35865f78ee3272a9b0f1f5511a69f763dd39260f432fdcf0bd927239d2a53857	35865f78ee3272a9b0f1f5511a69f763dd39260f432fdcf0bd927239d2a53857	
UploadFiles/xwzx/2025/5/202505261417030790.jpg	UploadFiles/xwzx/2025/5/202505261417030790.jpg	4530819	fa5eedb0c6140a85e42a292be8e995bcc693a740ebb44477760692bf2cc54556	fa5eedb0c6140a85e42a292be8e995bcc693a740ebb44477760692bf2cc54556	
UploadFiles/xwzx/2025/5/202505261417043339.jpg	UploadFiles/xwzx/2025/5/202505261417043339.jpg	2408027	bbebe1d3e0ea955f2ed99f0c16f6068c6036f9275104d26e15b23cc239e7d644	bbebe1d3e0ea955f2ed99f0c16f6068c6036f9275104d26e15b23cc239e7d644	
UploadFiles/xwzx/2025/5/202505261417060783.jpg	UploadFiles/xwzx/2025/5/202505261417060783.jpg	2027942	e596a7da844ecd1cc657f5803a86d051efdbad26b758affd0fbdaeea91c1d1f7	e596a7da844ecd1cc657f5803a86d051efdbad26b758affd0fbdaeea91c1d1f7	
UploadFiles/xwzx/2025/5/202505261417079804.jpg	UploadFiles/xwzx/2025/5/202505261417079804.jpg	2345355	d075d6c576c63193c42f4e08335375a138df372d59c3335d83a3093ead88ab6a	d075d6c576c63193c42f4e08335375a138df372d59c3335d83a3093ead88ab6a	
UploadFiles/xwzx/2025/5/202505261417098847.jpg	UploadFiles/xwzx/2025/5/202505261417098847.jpg	2228975	63a75554662e3b7fa90b0cf5e4731df17a845280d6b8a367eb73058a1badcbdb	63a75554662e3b7fa90b0cf5e4731df17a845280d6b8a367eb73058a1badcbdb	
UploadFiles/xwzx/2025/5/202505261417114179.jpg	UploadFiles/xwzx/2025/5/202505261417114179.jpg	2440931	eaddc9b81f24e8e1ed2a3d78c176ac03b7c0bb24f993b58030f78283fd8bae0c	eaddc9b81f24e8e1ed2a3d78c176ac03b7c0bb24f993b58030f78283fd8bae0c	
UploadFiles/xwzx/2025/5/202505261417132621.jpg	UploadFiles/xwzx/2025/5/202505261417132621.jpg	3340483	b5f6d65c5271f171628b58380697e0182cb4e575aac96329c70e5f82244e67f2	b5f6d65c5271f171628b58380697e0182cb4e575aac96329c70e5f82244e67f2	
UploadFiles/xwzx/2025/5/202505261417149418.jpg	UploadFiles/xwzx/2025/5/202505261417149418.jpg	2020832	11962dbfb99bc49449f4c3d4e1845f33a730bbeaa08646b486744958bf79bf76	11962dbfb99bc49449f4c3d4e1845f33a730bbeaa08646b486744958bf79bf76	
UploadFiles/xwzx/2025/5/202505261417163331.jpg	UploadFiles/xwzx/2025/5/202505261417163331.jpg	2910599	1013c03d553e367bdd1d1a1b85b47d1ab43471d66b0f7f2722e6d3c9f42da3b4	1013c03d553e367bdd1d1a1b85b47d1ab43471d66b0f7f2722e6d3c9f42da3b4	
UploadFiles/xwzx/2025/5/202505261417187091.jpg	UploadFiles/xwzx/2025/5/202505261417187091.jpg	3147718	bdbdf5055857f5d8c152dbdbbf11f5d11ff2f3468ddfaed55fcec9e02ec8e962	bdbdf5055857f5d8c152dbdbbf11f5d11ff2f3468ddfaed55fcec9e02ec8e962	
UploadFiles/xwzx/2025/5/202505261417198067.jpg	UploadFiles/xwzx/2025/5/202505261417198067.jpg	2684180	291e8b81e491b775adc3917d98528737bd04e4c1737aa3b26cabf26697977169	291e8b81e491b775adc3917d98528737bd04e4c1737aa3b26cabf26697977169	
UploadFiles/xwzx/2025/5/202505261417214055.jpg	UploadFiles/xwzx/2025/5/202505261417214055.jpg	3388539	b738a84ec5f8ffc8071bc84e1656d77dcf719ae823f79287d89e62977ce15ed5	b738a84ec5f8ffc8071bc84e1656d77dcf719ae823f79287d89e62977ce15ed5	
UploadFiles/xwzx/2025/5/202505261417246349.jpg	UploadFiles/xwzx/2025/5/202505261417246349.jpg	4338475	d890d8531ccba3a8b62e16cd9057ec85120070b753c052cab4929d3d0393f8e9	d890d8531ccba3a8b62e16cd9057ec85120070b753c052cab4929d3d0393f8e9	
UploadFiles/xwzx/2025/5/202505261417273628.jpg	UploadFiles/xwzx/2025/5/202505261417273628.jpg	4739673	06be948e3b442637ac9f5ebe3a46711a1d832027788146ccbde3ea57f1ddee60	06be948e3b442637ac9f5ebe3a46711a1d832027788146ccbde3ea57f1ddee60	
UploadFiles/xwzx/2025/5/202505261417279977.jpg	UploadFiles/xwzx/2025/5/202505261417279977.jpg	4283278	3f786cce9eb0a2f6be4bd2b865ed0bcf466cb05ff9409731b731b8926f665e30	3f786cce9eb0a2f6be4bd2b865ed0bcf466cb05ff9409731b731b8926f665e30	
UploadFiles/xwzx/2025/5/202505261417290205.jpg	UploadFiles/xwzx/2025/5/202505261417290205.jpg	4555349	9e18ad7f115b16ced2dbaaca2db13e8ca2320d738b4ae41ddbc26166df8b5724	9e18ad7f115b16ced2dbaaca2db13e8ca2320d738b4ae41ddbc26166df8b5724	
UploadFiles/xwzx/2025/5/202505261417296995.jpg	UploadFiles/xwzx/2025/5/202505261417296995.jpg	4867528	2f59f80e1643894da74fb9dd6b908b89ebaf72c8834317b79f681562ffebaee0	2f59f80e1643894da74fb9dd6b908b89ebaf72c8834317b79f681562ffebaee0	
UploadFiles/xwzx/2025/5/202505261417314977.jpg	UploadFiles/xwzx/2025/5/202505261417314977.jpg	2049981	f8ffda03ec1121b3402d62af2b9d0f3ec1366fe3b032b440bb0b40de26fc6c6d	f8ffda03ec1121b3402d62af2b9d0f3ec1366fe3b032b440bb0b40de26fc6c6d	
UploadFiles/xwzx/2025/5/202505261417329383.jpg	UploadFiles/xwzx/2025/5/202505261417329383.jpg	2123678	39004e07b533ee8100da1ec1b38e88607d3d2d12dfe2987304bbbe45ee93b5fb	39004e07b533ee8100da1ec1b38e88607d3d2d12dfe2987304bbbe45ee93b5fb	
UploadFiles/xwzx/2025/5/202505261417335041.jpg	UploadFiles/xwzx/2025/5/202505261417335041.jpg	2606400	c9addf4952bfe772e0b34149a4f5b8981fe910b106d37d19952064efce0b5ebc	c9addf4952bfe772e0b34149a4f5b8981fe910b106d37d19952064efce0b5ebc	
UploadFiles/xwzx/2025/5/202505261417341745.jpg	UploadFiles/xwzx/2025/5/202505261417341745.jpg	2405147	5ac27ca58d8140265dd17c30b0b99bb49d99075b404ecc31c05366e974e5db9e	5ac27ca58d8140265dd17c30b0b99bb49d99075b404ecc31c05366e974e5db9e	
UploadFiles/xwzx/2025/5/202505261451007381.png	UploadFiles/xwzx/2025/5/202505261451007381.png	98734	2341436c8924e34fa041c208269b196e2a9baf919a5d447c7157c35ecd2076b0	2341436c8924e34fa041c208269b196e2a9baf919a5d447c7157c35ecd2076b0	
UploadFiles/xwzx/2025/5/202505261559564016.png	UploadFiles/xwzx/2025/5/202505261559564016.png	99634	11dee5d15fc3a997e405a85ff3dbf22e09b642367f8919230ce5e21cc7c60223	11dee5d15fc3a997e405a85ff3dbf22e09b642367f8919230ce5e21cc7c60223	
UploadFiles/xwzx/2025/5/202505261600556440.png	UploadFiles/xwzx/2025/5/202505261600556440.png	98621	2533fcb09f198e9fa260c13f3b10257a4508441f5c474037ace1475220e2b455	2533fcb09f198e9fa260c13f3b10257a4508441f5c474037ace1475220e2b455	
UploadFiles/xwzx/2025/5/202505261638084456.png	UploadFiles/xwzx/2025/5/202505261638084456.png	351746	f26991c3a4a88036b2b78d219286f61968f3e6c0d8b7b9a73d37cd598197abbb	f26991c3a4a88036b2b78d219286f61968f3e6c0d8b7b9a73d37cd598197abbb	
UploadFiles/xwzx/2025/5/202505270935391732.png	UploadFiles/xwzx/2025/5/202505270935391732.png	329446	b638742de00f4cb4738b6230ec0a81809dcf87717e1eca50673736fe6d9f4527	b638742de00f4cb4738b6230ec0a81809dcf87717e1eca50673736fe6d9f4527	
UploadFiles/xwzx/2025/5/202505271503555399.png	UploadFiles/xwzx/2025/5/202505271503555399.png	98648	2b58c634111ffa79e362200f822a26321cf8ea9cc8484cd311861c8b3cb23f7d	2b58c634111ffa79e362200f822a26321cf8ea9cc8484cd311861c8b3cb23f7d	
UploadFiles/xwzx/2025/5/202505271505140668.png	UploadFiles/xwzx/2025/5/202505271505140668.png	85559	21c5cb380958a9c7dc80f4cdf04d2fbabf3397dd14edf5ead862118b8f07d776	21c5cb380958a9c7dc80f4cdf04d2fbabf3397dd14edf5ead862118b8f07d776	
UploadFiles/xwzx/2025/5/202505280945204070.JPG	UploadFiles/xwzx/2025/5/202505280945204070.jpg	6029312	d947280abfda42040de4c9a566f54ae3e90cc0a1edb5ade3dbcd81919f59ac15	d947280abfda42040de4c9a566f54ae3e90cc0a1edb5ade3dbcd81919f59ac15	
UploadFiles/xwzx/2025/5/202505280945232611.JPG	UploadFiles/xwzx/2025/5/202505280945232611.jpg	6684672	58d7e5b17d6f6c69ec56f83cc6e12841ba19eb0ea485d287796a70cd8f935de0	58d7e5b17d6f6c69ec56f83cc6e12841ba19eb0ea485d287796a70cd8f935de0	
UploadFiles/xwzx/2025/5/202505280945240902.JPG	UploadFiles/xwzx/2025/5/202505280945240902.jpg	8650752	a005463bd3a1c3399c7794e925f2b84ded2693d75bdbc84ce6a6f16ca570bfe9	a005463bd3a1c3399c7794e925f2b84ded2693d75bdbc84ce6a6f16ca570bfe9	
UploadFiles/xwzx/2025/5/202505280945254777.JPG	UploadFiles/xwzx/2025/5/202505280945254777.jpg	8617984	6fa890f92b0250018008a5438bb5238f10871969c527255248dbfc6cdbb1795e	6fa890f92b0250018008a5438bb5238f10871969c527255248dbfc6cdbb1795e	
UploadFiles/xwzx/2025/5/202505280945422208.JPG	UploadFiles/xwzx/2025/5/202505280945422208.jpg	5820680	cef70f76b0cfbfb1dbbe95f27bafc4327a1a3e74c118895ddfcd4c1f8f3db0da	cef70f76b0cfbfb1dbbe95f27bafc4327a1a3e74c118895ddfcd4c1f8f3db0da	
UploadFiles/xwzx/2025/5/202505280945456522.JPG	UploadFiles/xwzx/2025/5/202505280945456522.jpg	8945664	427200a979f203a4fdc8f15f4ad5f47f46052c3bc17c965e29218d5901abc344	427200a979f203a4fdc8f15f4ad5f47f46052c3bc17c965e29218d5901abc344	
UploadFiles/xwzx/2025/5/202505280945457333.JPG	UploadFiles/xwzx/2025/5/202505280945457333.jpg	4716030	16409a62917f8b939bc447967229969cea27d522179f4d78e3247b03a0793351	16409a62917f8b939bc447967229969cea27d522179f4d78e3247b03a0793351	
UploadFiles/xwzx/2025/5/202505280945474161.JPG	UploadFiles/xwzx/2025/5/202505280945474161.jpg	5185299	dcbf3a1b2500a0f42edb1873cf6d14de747d6bff6368f6a5d45195530278af22	dcbf3a1b2500a0f42edb1873cf6d14de747d6bff6368f6a5d45195530278af22	
UploadFiles/xwzx/2025/5/202505280945483682.JPG	UploadFiles/xwzx/2025/5/202505280945483682.jpg	5396886	2052dd3bd2b4ec69523df783d3cbe166604be8e900e9d59b6cd458c50827afb6	2052dd3bd2b4ec69523df783d3cbe166604be8e900e9d59b6cd458c50827afb6	
UploadFiles/xwzx/2025/5/202505280945494294.JPG	UploadFiles/xwzx/2025/5/202505280945494294.jpg	4868212	092ac0660b644f454113652d423debc67b296f5e947c6c5d309d53cc2ab25d30	092ac0660b644f454113652d423debc67b296f5e947c6c5d309d53cc2ab25d30	
UploadFiles/xwzx/2025/5/202505280945498538.JPG	UploadFiles/xwzx/2025/5/202505280945498538.jpg	6236111	985e1e88c5b8f223e1af367d9c5744ef1dffef1b3438e896e98bdf745aa7e417	985e1e88c5b8f223e1af367d9c5744ef1dffef1b3438e896e98bdf745aa7e417	
UploadFiles/xwzx/2025/5/202505281532258102.png	UploadFiles/xwzx/2025/5/202505281532258102.png	86321	06e13042c36cd125e8347fd48de454e7ff5c8905cac2a028690132e954976df2	06e13042c36cd125e8347fd48de454e7ff5c8905cac2a028690132e954976df2	
UploadFiles/xwzx/2025/5/202505281620097047.png	UploadFiles/xwzx/2025/5/202505281620097047.png	98782	bb95bddd4e6f4caf3ca1eb4b0fcd870e158e2d18923898bff711ac292be3811f	bb95bddd4e6f4caf3ca1eb4b0fcd870e158e2d18923898bff711ac292be3811f	
UploadFiles/xwzx/2025/5/202505290810428248.png	UploadFiles/xwzx/2025/5/202505290810428248.png	163085	189c1c374818c273e87ecc4f8c50a39f3ca5f2a7993f8d34cde1154047b2517f	189c1c374818c273e87ecc4f8c50a39f3ca5f2a7993f8d34cde1154047b2517f	
UploadFiles/xwzx/2025/5/202505290842192986.png	UploadFiles/xwzx/2025/5/202505290842192986.png	65771	7e1d4eb516def02433caa2360e25fc00dbb01cb44110df9458415c0112bcad0d	7e1d4eb516def02433caa2360e25fc00dbb01cb44110df9458415c0112bcad0d	
UploadFiles/xwzx/2025/5/202505290842205642.png	UploadFiles/xwzx/2025/5/202505290842205642.png	50318	f19dbab0791b2a2de0e71128672952e0aee31f45b3dfc46e4ab3a02a4982db99	f19dbab0791b2a2de0e71128672952e0aee31f45b3dfc46e4ab3a02a4982db99	
UploadFiles/xwzx/2025/5/202505290945518212.png	UploadFiles/xwzx/2025/5/202505290945518212.png	22491	28b7f6fe656b74c7e24b97087eb94b7680530daa1a218534111a6778e5a8dec5	28b7f6fe656b74c7e24b97087eb94b7680530daa1a218534111a6778e5a8dec5	
UploadFiles/xwzx/2025/5/202505291352437428.png	UploadFiles/xwzx/2025/5/202505291352437428.png	21064	2fb6768c75ff7a2d565adad97ac43ed07b8d0e1ecb17d91a22c3fbcf8b7b09cf	2fb6768c75ff7a2d565adad97ac43ed07b8d0e1ecb17d91a22c3fbcf8b7b09cf	
UploadFiles/xwzx/2025/5/202505291352438261.png	UploadFiles/xwzx/2025/5/202505291352438261.png	14264	b81d5eb353ea353a0dfcdadae760c07121f08b54df952e723d8ba6c23e492ac5	b81d5eb353ea353a0dfcdadae760c07121f08b54df952e723d8ba6c23e492ac5	
UploadFiles/xwzx/2025/5/202505291352443431.png	UploadFiles/xwzx/2025/5/202505291352443431.png	21068	666fd10550f032a553d9a7abc01a8fc4e632e9a0e3ad455897d72614e3c867e8	666fd10550f032a553d9a7abc01a8fc4e632e9a0e3ad455897d72614e3c867e8	
UploadFiles/xwzx/2025/5/202505291408435659.png	UploadFiles/xwzx/2025/5/202505291408435659.png	156650	de94a98a99dfefbb6b277f5275761bea930a4c9b2ce80ffbf17d2e611bffc35a	de94a98a99dfefbb6b277f5275761bea930a4c9b2ce80ffbf17d2e611bffc35a	
UploadFiles/xwzx/2025/5/202505291424233643.png	UploadFiles/xwzx/2025/5/202505291424233643.png	98826	b300e0eb101071cfd614ebc60e5d4486284a8ee18356cf4aa294b305560ace24	b300e0eb101071cfd614ebc60e5d4486284a8ee18356cf4aa294b305560ace24	
UploadFiles/xwzx/2025/5/202505291425387958.png	UploadFiles/xwzx/2025/5/202505291425387958.png	85618	75f56eb17599e1aaca5781e0b18c41ee23ef6c2f145b417aa600a97a363ff94c	75f56eb17599e1aaca5781e0b18c41ee23ef6c2f145b417aa600a97a363ff94c	
UploadFiles/xwzx/2025/5/202505301532157640.png	UploadFiles/xwzx/2025/5/202505301532157640.png	96242	d2b3d95e9caac8100c57d5984f2e65bafdd9f97182a87d53abef7d2d339d5fc1	d2b3d95e9caac8100c57d5984f2e65bafdd9f97182a87d53abef7d2d339d5fc1	
UploadFiles/xwzx/2025/5/202505301535168886.png	UploadFiles/xwzx/2025/5/202505301535168886.png	85674	67433c7ce674e24c2e0026c17a30538c9b230b6ed1df254624795c9d50b6a7a1	67433c7ce674e24c2e0026c17a30538c9b230b6ed1df254624795c9d50b6a7a1	
UploadFiles/xwzx/2025/5/202505301546467217.png	UploadFiles/xwzx/2025/5/202505301546467217.png	110140	8688b6cd501f1b7d72248553f0d6857f9cad64d85bce1cdeb2450187f47901eb	8688b6cd501f1b7d72248553f0d6857f9cad64d85bce1cdeb2450187f47901eb	
UploadFiles/xwzx/2025/5/202505301554591718.jpg	UploadFiles/xwzx/2025/5/202505301554591718.jpg	247346	a21618d92eb992e74a5189ed6257da16fb9d8fec5d9676e9648131d31d7db2a9	a21618d92eb992e74a5189ed6257da16fb9d8fec5d9676e9648131d31d7db2a9	
UploadFiles/xwzx/2025/6/202506020924581481.png	UploadFiles/xwzx/2025/6/202506020924581481.png	96500	c07bebf4cfa500a05dfec645731cef1cf2f028d35afe82cd0ddf5ae6dd22fa04	c07bebf4cfa500a05dfec645731cef1cf2f028d35afe82cd0ddf5ae6dd22fa04	
UploadFiles/xwzx/2025/6/202506030751540518.png	UploadFiles/xwzx/2025/6/202506030751540518.png	237446	8f6c01ad5b16e1c3c7fea3c725884fb95913e9736cdb2cd0da1142726528e0f9	8f6c01ad5b16e1c3c7fea3c725884fb95913e9736cdb2cd0da1142726528e0f9	
UploadFiles/xwzx/2025/6/202506031305004344.png	UploadFiles/xwzx/2025/6/202506031305004344.png	27878	b245cb37fd2a020659493d39d2daa1948062fcaa21bc6c9f66aba496dac2ebef	b245cb37fd2a020659493d39d2daa1948062fcaa21bc6c9f66aba496dac2ebef	
UploadFiles/xwzx/2025/6/202506031550460220.png	UploadFiles/xwzx/2025/6/202506031550460220.png	85529	2a17108032027d486453d36792ca008ef6ce9886a31945882f3bfd5e556a6a2d	2a17108032027d486453d36792ca008ef6ce9886a31945882f3bfd5e556a6a2d	
UploadFiles/xwzx/2025/6/202506040832467942.png	UploadFiles/xwzx/2025/6/202506040832467942.png	99997	eae5ce96b093cf0320f988e63e0bc980193d2646e161b61ff17bbd13ed11c2bc	eae5ce96b093cf0320f988e63e0bc980193d2646e161b61ff17bbd13ed11c2bc	
UploadFiles/xwzx/2025/6/202506040906563271.jpg	UploadFiles/xwzx/2025/6/202506040906563271.jpg	2453985	b45d3e90d214ff3726632a0895ef5fa4e474236d0aea2836c7e29385cd696483	b45d3e90d214ff3726632a0895ef5fa4e474236d0aea2836c7e29385cd696483	
UploadFiles/xwzx/2025/6/202506040906595711.jpg	UploadFiles/xwzx/2025/6/202506040906595711.jpg	2537511	409cf206d3c3cab70ed9118583cca5d32c36305f7e18d39c0c5d01845c2be104	409cf206d3c3cab70ed9118583cca5d32c36305f7e18d39c0c5d01845c2be104	
UploadFiles/xwzx/2025/6/202506040907002254.jpg	UploadFiles/xwzx/2025/6/202506040907002254.jpg	3769462	557f1835d5a6db6c5a1412b70163cef7e684ee1084ab11a96a41050a7eb91c4d	557f1835d5a6db6c5a1412b70163cef7e684ee1084ab11a96a41050a7eb91c4d	
UploadFiles/xwzx/2025/6/202506040907026943.jpg	UploadFiles/xwzx/2025/6/202506040907026943.jpg	4882880	3e12b83e251e0399a54299cb226adb1312a2c13d362f594815ea9858bd7c2d0f	3e12b83e251e0399a54299cb226adb1312a2c13d362f594815ea9858bd7c2d0f	
UploadFiles/xwzx/2025/6/202506040907029847.jpg	UploadFiles/xwzx/2025/6/202506040907029847.jpg	4509228	c5226fcaca4ef7d81750212bf8ea987d7f446c549ecd70dd0d8c12d1589a9b6b	c5226fcaca4ef7d81750212bf8ea987d7f446c549ecd70dd0d8c12d1589a9b6b	
UploadFiles/xwzx/2025/6/202506040907045994.jpg	UploadFiles/xwzx/2025/6/202506040907045994.jpg	2265682	f4ccdca44bb00ba968260c4b43dde5e5388ef26ccc0fdbd4119d74906342fbb0	f4ccdca44bb00ba968260c4b43dde5e5388ef26ccc0fdbd4119d74906342fbb0	
UploadFiles/xwzx/2025/6/202506040907058477.jpg	UploadFiles/xwzx/2025/6/202506040907058477.jpg	4691988	32ee92b67355835b948d5ce85063dfc6d4eb2ab7c9c27790d9cba12db8896af1	32ee92b67355835b948d5ce85063dfc6d4eb2ab7c9c27790d9cba12db8896af1	
UploadFiles/xwzx/2025/6/202506040907060053.jpg	UploadFiles/xwzx/2025/6/202506040907060053.jpg	2515877	118b7bf2cb7a648f9256b4e14cded20de0fb4113dcc61aa1c42269dbf77c82fe	118b7bf2cb7a648f9256b4e14cded20de0fb4113dcc61aa1c42269dbf77c82fe	
UploadFiles/xwzx/2025/6/202506040907088064.jpg	UploadFiles/xwzx/2025/6/202506040907088064.jpg	2985485	8f0fa23658017345910a4ff730f585040a69f48d22632b544daf33b9386fc109	8f0fa23658017345910a4ff730f585040a69f48d22632b544daf33b9386fc109	
UploadFiles/xwzx/2025/6/202506040907098106.jpg	UploadFiles/xwzx/2025/6/202506040907098106.jpg	2785352	b36127ac6eb0557535111ff17f2d5ace168cb097cb5d4656b5d67e870843761a	b36127ac6eb0557535111ff17f2d5ace168cb097cb5d4656b5d67e870843761a	
UploadFiles/xwzx/2025/6/202506040907098858.jpg	UploadFiles/xwzx/2025/6/202506040907098858.jpg	2766708	811dda050442403ecf5a58469430729a2d272098475cc79aad433ed4b16292d8	811dda050442403ecf5a58469430729a2d272098475cc79aad433ed4b16292d8	
UploadFiles/xwzx/2025/6/202506040907116632.jpg	UploadFiles/xwzx/2025/6/202506040907116632.jpg	2275793	9e8ce8e4f9c885467019b04fc56c3fc28eded0c3084902fbdd4ecaeece1cc57e	9e8ce8e4f9c885467019b04fc56c3fc28eded0c3084902fbdd4ecaeece1cc57e	
UploadFiles/xwzx/2025/6/202506040907122470.jpg	UploadFiles/xwzx/2025/6/202506040907122470.jpg	2400612	4183a22f42a896fe6370f6500893d73b79026bdd088589be4ea59ce5374cc76b	4183a22f42a896fe6370f6500893d73b79026bdd088589be4ea59ce5374cc76b	
UploadFiles/xwzx/2025/6/202506040907150593.jpg	UploadFiles/xwzx/2025/6/202506040907150593.jpg	2454463	3452a15afbecbf0ee54ec587a11c348d9d4def50f96d2a3d49bf339a63158271	3452a15afbecbf0ee54ec587a11c348d9d4def50f96d2a3d49bf339a63158271	
UploadFiles/xwzx/2025/6/202506040907163330.jpg	UploadFiles/xwzx/2025/6/202506040907163330.jpg	4411143	06fdfff048729a90358a88be3f938fc19bbb79bbac4842540c88ea700f5630f0	06fdfff048729a90358a88be3f938fc19bbb79bbac4842540c88ea700f5630f0	
UploadFiles/xwzx/2025/6/202506040907169301.jpg	UploadFiles/xwzx/2025/6/202506040907169301.jpg	2289596	16ae2dc7bdb569b730e5dbba68bc64b796560b2c0ec2d7653abf99cce2567b76	16ae2dc7bdb569b730e5dbba68bc64b796560b2c0ec2d7653abf99cce2567b76	
UploadFiles/xwzx/2025/6/202506040907587268.jpg	UploadFiles/xwzx/2025/6/202506040907587268.jpg	4230325	d5f22830a5511f71f47287244003a5984e860241397bceed9158bba76c7b482f	d5f22830a5511f71f47287244003a5984e860241397bceed9158bba76c7b482f	
UploadFiles/xwzx/2025/6/202506040908032987.jpg	UploadFiles/xwzx/2025/6/202506040908032987.jpg	3298255	b85b2af36525fc92a6df54fcf8cba8db305473dbe6bf767615b80e522192d611	b85b2af36525fc92a6df54fcf8cba8db305473dbe6bf767615b80e522192d611	
UploadFiles/xwzx/2025/6/202506040908034553.jpg	UploadFiles/xwzx/2025/6/202506040908034553.jpg	4441243	ff8e375b47ac25ed277fff82ad5c17f0fd499adcfd84505ea5c4d018a8191ff5	ff8e375b47ac25ed277fff82ad5c17f0fd499adcfd84505ea5c4d018a8191ff5	
UploadFiles/xwzx/2025/6/202506040908059281.jpg	UploadFiles/xwzx/2025/6/202506040908059281.jpg	4070444	75b89d9ee938bfd5dd4dc6aa981c40b5dad50fc71a645f358f25781e9a2316b6	75b89d9ee938bfd5dd4dc6aa981c40b5dad50fc71a645f358f25781e9a2316b6	
UploadFiles/xwzx/2025/6/202506040908491545.jpg	UploadFiles/xwzx/2025/6/202506040908491545.jpg	1997186	5c0d7343be7b59811789c7c1d8e39db6aeccf3a8130d43461b5316501bcb7f49	5c0d7343be7b59811789c7c1d8e39db6aeccf3a8130d43461b5316501bcb7f49	
UploadFiles/xwzx/2025/6/202506040908533423.jpg	UploadFiles/xwzx/2025/6/202506040908533423.jpg	3511875	69954905eb80704cb61cfaacf9f496b7936db58371875be96fd98685df90ff1a	69954905eb80704cb61cfaacf9f496b7936db58371875be96fd98685df90ff1a	
UploadFiles/xwzx/2025/6/202506040908550215.png	UploadFiles/xwzx/2025/6/202506040908550215.png	9835006	da8d4c8db7522eb83ccaa481875858a391cba9835c6c3777092878ee939cf58c	da8d4c8db7522eb83ccaa481875858a391cba9835c6c3777092878ee939cf58c	
UploadFiles/xwzx/2025/6/202506040909131893.jpg	UploadFiles/xwzx/2025/6/202506040909131893.jpg	2472764	831827125d35240a5ff368051f0558591b078418ee39ef7650e53ce05b5a64e3	831827125d35240a5ff368051f0558591b078418ee39ef7650e53ce05b5a64e3	
UploadFiles/xwzx/2025/6/202506040909134484.jpg	UploadFiles/xwzx/2025/6/202506040909134484.jpg	2275768	65c151eb4b12a98c65999b261a2cac13c48cd3f4125144d4aeb9516e265e0fd0	65c151eb4b12a98c65999b261a2cac13c48cd3f4125144d4aeb9516e265e0fd0	
UploadFiles/xwzx/2025/6/202506040909530403.jpg	UploadFiles/xwzx/2025/6/202506040909530403.jpg	769965	06c3a8bf2fcd641d76698e8aef0b91dec10075010d424fe4cb3bfafc40a28469	06c3a8bf2fcd641d76698e8aef0b91dec10075010d424fe4cb3bfafc40a28469	
UploadFiles/xwzx/2025/6/202506040909546964.jpg	UploadFiles/xwzx/2025/6/202506040909546964.jpg	1228222	c9f01a4e1ede599a2510f5ac08a0a51935389d0d0468533548b9ad6d67c3e483	c9f01a4e1ede599a2510f5ac08a0a51935389d0d0468533548b9ad6d67c3e483	
UploadFiles/xwzx/2025/6/202506040910170640.jpg	UploadFiles/xwzx/2025/6/202506040910170640.jpg	14387339	00fb1d4c878f166ed3fa2f7bc09a55ebee0ee860c320ab4fafc0dcdb68b86c16	00fb1d4c878f166ed3fa2f7bc09a55ebee0ee860c320ab4fafc0dcdb68b86c16	
UploadFiles/xwzx/2025/6/202506040912184294.JPG	UploadFiles/xwzx/2025/6/202506040912184294.jpg	16002318	85b42dbd40b5a814fb56078ea1d836bcd66609b9c2055713de8e4ac4cbbf73e9	85b42dbd40b5a814fb56078ea1d836bcd66609b9c2055713de8e4ac4cbbf73e9	
UploadFiles/xwzx/2025/6/202506040912289582.jpg	UploadFiles/xwzx/2025/6/202506040912289582.jpg	6311901	03dbbdaed9cbce3ef44c7b4a4d1810947e8e76aaae0e2dbb9478ddfec87d7463	03dbbdaed9cbce3ef44c7b4a4d1810947e8e76aaae0e2dbb9478ddfec87d7463	
UploadFiles/xwzx/2025/6/202506040912299370.JPG	UploadFiles/xwzx/2025/6/202506040912299370.jpg	16244447	cbd8865dac0dd65c2ac970c991cbd330590502ca326ac107523ceae4ab70dc91	cbd8865dac0dd65c2ac970c991cbd330590502ca326ac107523ceae4ab70dc91	
UploadFiles/xwzx/2025/6/202506040912398239.JPG	UploadFiles/xwzx/2025/6/202506040912398239.jpg	16211025	8d9cf66a0aa18e1587e07f054b4532b03548f449a008356a37cbb264d605c1e8	8d9cf66a0aa18e1587e07f054b4532b03548f449a008356a37cbb264d605c1e8	
UploadFiles/xwzx/2025/6/202506040912427020.jpg	UploadFiles/xwzx/2025/6/202506040912427020.jpg	6915713	6efdf23c2149533cf4e2bc60b621bb1b18d3d9ca57916d585bfb55f46f3699db	6efdf23c2149533cf4e2bc60b621bb1b18d3d9ca57916d585bfb55f46f3699db	
UploadFiles/xwzx/2025/6/202506040912482406.JPG	UploadFiles/xwzx/2025/6/202506040912482406.jpg	16316090	b19caf799e6ccafee8eaa0a238c456773f1c922157df1967d16d30393708fba6	b19caf799e6ccafee8eaa0a238c456773f1c922157df1967d16d30393708fba6	
UploadFiles/xwzx/2025/6/202506040912504194.JPG	UploadFiles/xwzx/2025/6/202506040912504194.jpg	16301571	a81dce8f5e1905efe7d7a2e0752e00a4453b721f520da4c91241ad9e322c18df	a81dce8f5e1905efe7d7a2e0752e00a4453b721f520da4c91241ad9e322c18df	
UploadFiles/xwzx/2025/6/202506041019447834.png	UploadFiles/xwzx/2025/6/202506041019447834.png	43902	878dd35d2345d66e281656086a00ee43db3f04ed95a9133a0208c459a8185805	878dd35d2345d66e281656086a00ee43db3f04ed95a9133a0208c459a8185805	
UploadFiles/xwzx/2025/6/202506041552157933.png	UploadFiles/xwzx/2025/6/202506041552157933.png	96932	7b1a1fe43e82676d74bf09dd2f1f9ff0dcb483b66bed3f50ba94aa8659940ae0	7b1a1fe43e82676d74bf09dd2f1f9ff0dcb483b66bed3f50ba94aa8659940ae0	
UploadFiles/xwzx/2025/6/202506041553057012.png	UploadFiles/xwzx/2025/6/202506041553057012.png	85588	bffba6c5b714302175cdefb7f6c006239c56d8194d97eb74b1fd9e9ae990496b	bffba6c5b714302175cdefb7f6c006239c56d8194d97eb74b1fd9e9ae990496b	
UploadFiles/xwzx/2025/6/202506111454191089.png	UploadFiles/xwzx/2025/6/202506111454191089.png	96587	bbced9cef0d1f311a108fae59f03faee9e5650f05f45b7dba8f9fd764b0e356b	bbced9cef0d1f311a108fae59f03faee9e5650f05f45b7dba8f9fd764b0e356b	
UploadFiles/xwzx/2025/6/202506111455487341.png	UploadFiles/xwzx/2025/6/202506111455487341.png	95737	4cefba5ec7d21c7f3d347722c944fc9354abd9425930b30d03478208316f5ef8	4cefba5ec7d21c7f3d347722c944fc9354abd9425930b30d03478208316f5ef8	
UploadFiles/xwzx/2025/6/202506120812594950.png	UploadFiles/xwzx/2025/6/202506120812594950.png	428992	337aecb9d6a70059a0fba21aed2697ef7edc915e056b86653646d0cc3d993d66	337aecb9d6a70059a0fba21aed2697ef7edc915e056b86653646d0cc3d993d66	
UploadFiles/xwzx/2025/6/202506121439418665.png	UploadFiles/xwzx/2025/6/202506121439418665.png	6991	40639f8ccc62de52355692d1c256f8d1786528f854f76fa5f77eb61f9966a5b8	40639f8ccc62de52355692d1c256f8d1786528f854f76fa5f77eb61f9966a5b8	
UploadFiles/xwzx/2025/6/202506121439421055.png	UploadFiles/xwzx/2025/6/202506121439421055.png	31556	1c30ed0a316a2ccdccd299ef773d96bd1463732b3a693b63b6ba743e23e66ffd	1c30ed0a316a2ccdccd299ef773d96bd1463732b3a693b63b6ba743e23e66ffd	
UploadFiles/xwzx/2025/6/202506121551360439.png	UploadFiles/xwzx/2025/6/202506121551360439.png	97081	fa76580b7d1faba137c5919ecb2a18b47ef14fcb5711d7c200a7526d8a92b159	fa76580b7d1faba137c5919ecb2a18b47ef14fcb5711d7c200a7526d8a92b159	
UploadFiles/xwzx/2025/6/202506121559317948.png	UploadFiles/xwzx/2025/6/202506121559317948.png	85510	d34b1a2d172fe804a9e397ef8b338ce6622f94480e0297ce869c402fa8023db3	d34b1a2d172fe804a9e397ef8b338ce6622f94480e0297ce869c402fa8023db3	
UploadFiles/xwzx/2025/6/202506131431272090.png	UploadFiles/xwzx/2025/6/202506131431272090.png	96599	976ad51de3a364d22c6608d793442b93c40a6d296a1bcb6574725900f0454145	976ad51de3a364d22c6608d793442b93c40a6d296a1bcb6574725900f0454145	
UploadFiles/xwzx/2025/6/202506141540372119.png	UploadFiles/xwzx/2025/6/202506141540372119.png	56234	cb688d1dacf031b63f55d9037dd5798cd89b44a8a6d2435126b44545e9017020	cb688d1dacf031b63f55d9037dd5798cd89b44a8a6d2435126b44545e9017020	
UploadFiles/xwzx/2025/6/202506141540375276.png	UploadFiles/xwzx/2025/6/202506141540375276.png	71082	eb818d337f00097328ade83aaee3287d6e7cf25775278ccb7c03cf7354e496ae	eb818d337f00097328ade83aaee3287d6e7cf25775278ccb7c03cf7354e496ae	
UploadFiles/xwzx/2025/6/202506161436329752.png	UploadFiles/xwzx/2025/6/202506161436329752.png	96614	37477d6394ab3e3efd3e13adbb964a72c8df3bc258032a3925a5447a82688142	37477d6394ab3e3efd3e13adbb964a72c8df3bc258032a3925a5447a82688142	
UploadFiles/xwzx/2025/6/202506162359050770.png	UploadFiles/xwzx/2025/6/202506162359050770.png	9770	7bb84f6de44018dfe906bed7a15955cd5683681c342c4c078443c3d869cdc27f	7bb84f6de44018dfe906bed7a15955cd5683681c342c4c078443c3d869cdc27f	
UploadFiles/xwzx/2025/6/202506170833005311.png	UploadFiles/xwzx/2025/6/202506170833005311.png	96744	313973a8406e848749f3fc3c152a6117c09a6113cc1af265ed5b58dbf66e1076	313973a8406e848749f3fc3c152a6117c09a6113cc1af265ed5b58dbf66e1076	
UploadFiles/xwzx/2025/6/202506171458204224.png	UploadFiles/xwzx/2025/6/202506171458204224.png	85576	70c7bce0ba106fa42c8deec3534491b034bf47f666d7b777826e6ea95096afa6	70c7bce0ba106fa42c8deec3534491b034bf47f666d7b777826e6ea95096afa6	
UploadFiles/xwzx/2025/6/202506171544009482.png	UploadFiles/xwzx/2025/6/202506171544009482.png	96404	839ba4f4397f11856f1f50995dd9a923103356c0ba22687e4be93c447369b883	839ba4f4397f11856f1f50995dd9a923103356c0ba22687e4be93c447369b883	
UploadFiles/xwzx/2025/6/202506180841024282.png	UploadFiles/xwzx/2025/6/202506180841024282.png	9315	887a5624a98fc5668e251e5811e29836b32da5b0c4428f63fecfc92512d744c1	887a5624a98fc5668e251e5811e29836b32da5b0c4428f63fecfc92512d744c1	
UploadFiles/xwzx/2025/6/202506181605048416.png	UploadFiles/xwzx/2025/6/202506181605048416.png	96435	26729fc5e86b83bdb69f906f6222eeb737e2c6150362d9d0690cf09b9426395f	26729fc5e86b83bdb69f906f6222eeb737e2c6150362d9d0690cf09b9426395f	
UploadFiles/xwzx/2025/6/202506181644538843.png	UploadFiles/xwzx/2025/6/202506181644538843.png	272358	3e6cfd4cde62c33a4c1fe14b82fb2be250d4db49b0cd021cf30c6d8c74f8090b	3e6cfd4cde62c33a4c1fe14b82fb2be250d4db49b0cd021cf30c6d8c74f8090b	
UploadFiles/xwzx/2025/6/202506191505556427.png	UploadFiles/xwzx/2025/6/202506191505556427.png	22247	6687b8e015b5079fa180049755c9473e8e204bba8d65ba03fc60f26757432d8e	6687b8e015b5079fa180049755c9473e8e204bba8d65ba03fc60f26757432d8e	
UploadFiles/xwzx/2025/6/202506191543482505.png	UploadFiles/xwzx/2025/6/202506191543482505.png	7779	6c1a36543ab03f6591367eb72ae26ebe1b52b7c4ecbf53956d66fa17a1c3ff01	6c1a36543ab03f6591367eb72ae26ebe1b52b7c4ecbf53956d66fa17a1c3ff01	
UploadFiles/xwzx/2025/6/202506191649498532.png	UploadFiles/xwzx/2025/6/202506191649498532.png	96977	968b0e6cba75e0c9a177d17d1e56b9a5a5be6ffc0593674570721372488c64a8	968b0e6cba75e0c9a177d17d1e56b9a5a5be6ffc0593674570721372488c64a8	
UploadFiles/xwzx/2025/6/202506200907494304.png	UploadFiles/xwzx/2025/6/202506200907494304.png	33987	b90901166261aa05c86c8c6533a16923e3d4c8a2f24f513c498eb13f0d2a44af	b90901166261aa05c86c8c6533a16923e3d4c8a2f24f513c498eb13f0d2a44af	
UploadFiles/xwzx/2025/6/202506201536164367.png	UploadFiles/xwzx/2025/6/202506201536164367.png	37947	586fc63c5d4e2d6005422a1a0227b29f7300967a90378792c95751a2f8062c30	586fc63c5d4e2d6005422a1a0227b29f7300967a90378792c95751a2f8062c30	
UploadFiles/xwzx/2025/6/202506201536167755.png	UploadFiles/xwzx/2025/6/202506201536167755.png	47214	80800ce19990948c5b8ba95b0ce4504054b3eb19ce9cf10ade0440b924165e3b	80800ce19990948c5b8ba95b0ce4504054b3eb19ce9cf10ade0440b924165e3b	
UploadFiles/xwzx/2025/6/202506201627503160.jpg	UploadFiles/xwzx/2025/6/202506201627503160.jpg	123512	ad9671fc1296e7f6d1b117620a53f1d168da217ffd4242aa6f1ec0fafd2e6e6e	ad9671fc1296e7f6d1b117620a53f1d168da217ffd4242aa6f1ec0fafd2e6e6e	
UploadFiles/xwzx/2025/6/202506201706065398.png	UploadFiles/xwzx/2025/6/202506201706065398.png	96296	b179137a376869a50f602cfd786084fcf07d0c9f3456b25f5ee8534212091a8a	b179137a376869a50f602cfd786084fcf07d0c9f3456b25f5ee8534212091a8a	
UploadFiles/xwzx/2025/6/202506230822530418.png	UploadFiles/xwzx/2025/6/202506230822530418.png	7335	66d7874c76af8f60f01c0bcaf9803d231d550ca0c9bc19280a8a8fc15316f0f0	66d7874c76af8f60f01c0bcaf9803d231d550ca0c9bc19280a8a8fc15316f0f0	
UploadFiles/xwzx/2025/6/202506231525481121.png	UploadFiles/xwzx/2025/6/202506231525481121.png	96359	9242a03e91a81cf7e7593f5cc4397c0ac26d40c5f3432e7f22235fe8631a4dd3	9242a03e91a81cf7e7593f5cc4397c0ac26d40c5f3432e7f22235fe8631a4dd3	
UploadFiles/xwzx/2025/6/202506231526143510.png	UploadFiles/xwzx/2025/6/202506231526143510.png	96454	3882ea668e7571ec85eca7dae84eb13ca5a5883c522f493722d9d4fb62f733bd	3882ea668e7571ec85eca7dae84eb13ca5a5883c522f493722d9d4fb62f733bd	
UploadFiles/xwzx/2025/6/202506241441439479.png	UploadFiles/xwzx/2025/6/202506241441439479.png	48712	032885bfeb9035d7766269f649296cf8d7f055dbc1687954ce09963adc585d0a	032885bfeb9035d7766269f649296cf8d7f055dbc1687954ce09963adc585d0a	
UploadFiles/xwzx/2025/6/202506241643297598.png	UploadFiles/xwzx/2025/6/202506241643297598.png	96248	f2b650e92dc258d510c0d1c7fd22abb53c1f85a1b321833d6cdafb76981fd919	f2b650e92dc258d510c0d1c7fd22abb53c1f85a1b321833d6cdafb76981fd919	
UploadFiles/xwzx/2025/6/202506251228124727.jpg	UploadFiles/xwzx/2025/6/202506251228124727.jpg	96592	a4266ec596fc3fdfd29e95a7ac434a1f7cf4d4d3b05a1a61fec73b29ff66fe1f	a4266ec596fc3fdfd29e95a7ac434a1f7cf4d4d3b05a1a61fec73b29ff66fe1f	
UploadFiles/xwzx/2025/6/202506251645298818.png	UploadFiles/xwzx/2025/6/202506251645298818.png	96327	29094a2db2773a151bed9bd97a373ecd548930399b210b0448920703ac6351ae	29094a2db2773a151bed9bd97a373ecd548930399b210b0448920703ac6351ae	
UploadFiles/xwzx/2025/6/202506260852117453.jpg	UploadFiles/xwzx/2025/6/202506260852117453.jpg	182779	082dff4045409870e0828e23bb1dcae3c076c32522138bc959995c506cf1e49a	082dff4045409870e0828e23bb1dcae3c076c32522138bc959995c506cf1e49a	
UploadFiles/xwzx/2025/6/202506260852153541.jpg	UploadFiles/xwzx/2025/6/202506260852153541.jpg	192025	2a951c4051e4a2b15e58d90d1f0d7f12a81493f503bccfd3045416384441e9f1	2a951c4051e4a2b15e58d90d1f0d7f12a81493f503bccfd3045416384441e9f1	
UploadFiles/xwzx/2025/6/202506260852154712.jpg	UploadFiles/xwzx/2025/6/202506260852154712.jpg	6359448	0e1603252dfa895817226b4b5c8f61a18ea6c90c4cb8a2a5e4a6d9566b78ea66	0e1603252dfa895817226b4b5c8f61a18ea6c90c4cb8a2a5e4a6d9566b78ea66	
UploadFiles/xwzx/2025/6/202506260852155262.jpg	UploadFiles/xwzx/2025/6/202506260852155262.jpg	5563545	61ae6a01a101c0dae6e3205e4743c7d685f2968d655b8bb4edbb6aeedcb03f48	61ae6a01a101c0dae6e3205e4743c7d685f2968d655b8bb4edbb6aeedcb03f48	
UploadFiles/xwzx/2025/6/202506260852156586.jpg	UploadFiles/xwzx/2025/6/202506260852156586.jpg	6916309	40bda80d23465b9dede840348a76295a7a3579f56acaa45a33fd751da9ee60ce	40bda80d23465b9dede840348a76295a7a3579f56acaa45a33fd751da9ee60ce	
UploadFiles/xwzx/2025/6/202506260852161929.jpg	UploadFiles/xwzx/2025/6/202506260852161929.jpg	322596	388e3c84afdfc697bf2826e5e980f4140abfd7079907ffe30db6d19b63e933ea	388e3c84afdfc697bf2826e5e980f4140abfd7079907ffe30db6d19b63e933ea	
UploadFiles/xwzx/2025/6/202506260852170070.jpg	UploadFiles/xwzx/2025/6/202506260852170070.jpg	5949047	ffa65f09a66b34d9e5229a563d52f038d7ebc207f34e6068bfa006209240d755	ffa65f09a66b34d9e5229a563d52f038d7ebc207f34e6068bfa006209240d755	
UploadFiles/xwzx/2025/6/202506260852173258.jpg	UploadFiles/xwzx/2025/6/202506260852173258.jpg	733629	2ab2047213df5d4810b1f7ebe10ac4487d85d72670c09fe754e0d0ff74d4bbad	2ab2047213df5d4810b1f7ebe10ac4487d85d72670c09fe754e0d0ff74d4bbad	
UploadFiles/xwzx/2025/6/202506260852176007.jpg	UploadFiles/xwzx/2025/6/202506260852176007.jpg	625571	1cb6fe83ea174f15915431b1ca68fb97203ea82f17e808bf94b2a65fb2744438	1cb6fe83ea174f15915431b1ca68fb97203ea82f17e808bf94b2a65fb2744438	
UploadFiles/xwzx/2025/6/202506260852177248.jpg	UploadFiles/xwzx/2025/6/202506260852177248.jpg	581697	aaa611b04cd93190b15a3c1789085fae63581453253506494b569994fd5cda25	aaa611b04cd93190b15a3c1789085fae63581453253506494b569994fd5cda25	
UploadFiles/xwzx/2025/6/202506260852218859.jpg	UploadFiles/xwzx/2025/6/202506260852218859.jpg	9350403	71d6caaa247dca0ba44e832cd34eec2c3355e411d271e4ed78370a9f951ac3b8	71d6caaa247dca0ba44e832cd34eec2c3355e411d271e4ed78370a9f951ac3b8	
UploadFiles/xwzx/2025/6/202506260852235289.jpg	UploadFiles/xwzx/2025/6/202506260852235289.jpg	6092723	4cb2fb91cf58c44c4ab1b7938a8953b59319469607b07635446154a35e5bad85	4cb2fb91cf58c44c4ab1b7938a8953b59319469607b07635446154a35e5bad85	
UploadFiles/xwzx/2025/6/202506260852238206.jpg	UploadFiles/xwzx/2025/6/202506260852238206.jpg	8241258	32ce3ce1fa305a332dc93a25fbd0e0b37cc073385f00aeb4ab5b1ac7a3496217	32ce3ce1fa305a332dc93a25fbd0e0b37cc073385f00aeb4ab5b1ac7a3496217	
UploadFiles/xwzx/2025/6/202506260852276467.jpg	UploadFiles/xwzx/2025/6/202506260852276467.jpg	8750866	bf85b21cc60606acd9daeeb663b0927a5f8f1b5bb4ae4160e1983ef70c7e596c	bf85b21cc60606acd9daeeb663b0927a5f8f1b5bb4ae4160e1983ef70c7e596c	
UploadFiles/xwzx/2025/6/202506260852292633.jpg	UploadFiles/xwzx/2025/6/202506260852292633.jpg	6336224	06d836c25282b1bee7671ae6a07bd7c36a3791bd709f9af88d6708f72f8b4c26	06d836c25282b1bee7671ae6a07bd7c36a3791bd709f9af88d6708f72f8b4c26	
UploadFiles/xwzx/2025/6/202506260852320063.jpg	UploadFiles/xwzx/2025/6/202506260852320063.jpg	8179128	3c50ef65103e332b622e937f99f0fe6096596ebeb907838d884bf1d10c88492b	3c50ef65103e332b622e937f99f0fe6096596ebeb907838d884bf1d10c88492b	
UploadFiles/xwzx/2025/6/202506260852325632.jpg	UploadFiles/xwzx/2025/6/202506260852325632.jpg	8349028	89abb6165e148f27226ffe2deebd86927e403e0bf46f8fd76bbde1e04db9214a	89abb6165e148f27226ffe2deebd86927e403e0bf46f8fd76bbde1e04db9214a	
UploadFiles/xwzx/2025/6/202506260852368883.jpg	UploadFiles/xwzx/2025/6/202506260852368883.jpg	8649431	384712014e2039ba95e84c208fbf99d14223be827ed6c8db9089efd440e2718d	384712014e2039ba95e84c208fbf99d14223be827ed6c8db9089efd440e2718d	
UploadFiles/xwzx/2025/6/202506260852379972.jpg	UploadFiles/xwzx/2025/6/202506260852379972.jpg	8474388	ab4ae5af1f7fae258633f43a8494bcfeb7272148e9c0d6c6473267bea8014f1b	ab4ae5af1f7fae258633f43a8494bcfeb7272148e9c0d6c6473267bea8014f1b	
UploadFiles/xwzx/2025/6/202506260855074337.png	UploadFiles/xwzx/2025/6/202506260855074337.png	3510820	fd7aca4554dfdbc42c56049ab44cf9136d1771f153db456e0c5288d0df335485	fd7aca4554dfdbc42c56049ab44cf9136d1771f153db456e0c5288d0df335485	
UploadFiles/xwzx/2025/6/202506260855101723.png	UploadFiles/xwzx/2025/6/202506260855101723.png	8351691	a2248f28366882bed320834e68bd1e5dc9bfa2d3075194854b5e7f5bf89f5456	a2248f28366882bed320834e68bd1e5dc9bfa2d3075194854b5e7f5bf89f5456	
UploadFiles/xwzx/2025/6/202506260855139312.png	UploadFiles/xwzx/2025/6/202506260855139312.png	8263123	5fb873e297b26aea4b063869176a9eda1dbb3a661177579f0ef6aa961f3a2ee5	5fb873e297b26aea4b063869176a9eda1dbb3a661177579f0ef6aa961f3a2ee5	
UploadFiles/xwzx/2025/6/202506260855165667.png	UploadFiles/xwzx/2025/6/202506260855165667.png	8495431	3e959cefa7c0c81c51a9751cec9e27c370f1269dee8408b12d706a216f23b024	3e959cefa7c0c81c51a9751cec9e27c370f1269dee8408b12d706a216f23b024	
UploadFiles/xwzx/2025/6/202506260855199188.png	UploadFiles/xwzx/2025/6/202506260855199188.png	9324446	13d916787587f0768ab0b517ad9d7482aa2f3ff372a14460deea190e4b5e9752	13d916787587f0768ab0b517ad9d7482aa2f3ff372a14460deea190e4b5e9752	
UploadFiles/xwzx/2025/6/202506260855202138.png	UploadFiles/xwzx/2025/6/202506260855202138.png	10421698	5d662a991895205ccf61e8da4bff2536de8401f45325928ccc129e349cb883ec	5d662a991895205ccf61e8da4bff2536de8401f45325928ccc129e349cb883ec	
UploadFiles/xwzx/2025/6/202506260855239519.png	UploadFiles/xwzx/2025/6/202506260855239519.png	6757245	7a5dc6606abf1a984f5f67e2dd43e7d8360393bd0df34f655d316131f1021a25	7a5dc6606abf1a984f5f67e2dd43e7d8360393bd0df34f655d316131f1021a25	
UploadFiles/xwzx/2025/6/202506260855263766.png	UploadFiles/xwzx/2025/6/202506260855263766.png	8210421	21d9e6118bcc2fdb525d44a748cd998d56454fc8ec39ce3c2dcdcec2078eaa9d	21d9e6118bcc2fdb525d44a748cd998d56454fc8ec39ce3c2dcdcec2078eaa9d	
UploadFiles/xwzx/2025/6/202506260855266438.png	UploadFiles/xwzx/2025/6/202506260855266438.png	4609545	eddfd52f798d66b26061657d2ce1d52759ebfeee3b1df1d0f8a7d9bb1102a237	eddfd52f798d66b26061657d2ce1d52759ebfeee3b1df1d0f8a7d9bb1102a237	
UploadFiles/xwzx/2025/6/202506260855272512.png	UploadFiles/xwzx/2025/6/202506260855272512.png	9856041	675f17ca421074b1bd7d53c47667b937afcbb4162c4320a29fd2b9284cedbe45	675f17ca421074b1bd7d53c47667b937afcbb4162c4320a29fd2b9284cedbe45	
UploadFiles/xwzx/2025/6/202506261004554809.png	UploadFiles/xwzx/2025/6/202506261004554809.png	9843237	db0afbe01e67fcff5a52b6415da40e815136ebaaf30a509e81e14d1de0997d26	db0afbe01e67fcff5a52b6415da40e815136ebaaf30a509e81e14d1de0997d26	
UploadFiles/xwzx/2025/6/202506261005110294.png	UploadFiles/xwzx/2025/6/202506261005110294.png	9780755	fb5e679748a8d8d94db236c880f44798f88001a998de933d49f17f531163bbb3	fb5e679748a8d8d94db236c880f44798f88001a998de933d49f17f531163bbb3	
UploadFiles/xwzx/2025/6/202506261005278562.png	UploadFiles/xwzx/2025/6/202506261005278562.png	8979214	e72e40e8e4233c5735c9973c13fd9dc8a9535b7e8fccdadaaae0dd6c22d5075a	e72e40e8e4233c5735c9973c13fd9dc8a9535b7e8fccdadaaae0dd6c22d5075a	
UploadFiles/xwzx/2025/6/202506261226239274.png	UploadFiles/xwzx/2025/6/202506261226239274.png	6985	40c667272e46d77736390e3d38c2e14bd41fd19d6fcc33d94fd424a9bfab5a99	40c667272e46d77736390e3d38c2e14bd41fd19d6fcc33d94fd424a9bfab5a99	
UploadFiles/xwzx/2025/6/202506261226245137.png	UploadFiles/xwzx/2025/6/202506261226245137.png	24862	5362fe430d3f58909a044b9dc8ae4c668a48eb8e4c496a0c919669aa653d888d	5362fe430d3f58909a044b9dc8ae4c668a48eb8e4c496a0c919669aa653d888d	
UploadFiles/xwzx/2025/6/202506261634576304.gif	UploadFiles/xwzx/2025/6/202506261634576304.gif	1012	62c86a7776611273707faece405890b74a8c521b17a73e339875d8aa4f9ca361	62c86a7776611273707faece405890b74a8c521b17a73e339875d8aa4f9ca361	
UploadFiles/xwzx/2025/6/202506271234201928.png	UploadFiles/xwzx/2025/6/202506271234201928.png	39952	0428aeded29806da0c981eb10853712eeb08a082f672588cd5a3fd4c5a0532f9	0428aeded29806da0c981eb10853712eeb08a082f672588cd5a3fd4c5a0532f9	
UploadFiles/xwzx/2025/6/202506271456485466.png	UploadFiles/xwzx/2025/6/202506271456485466.png	169974	7c8dc7ea3bd269f098c3159fd9cd6aa5b13eddead3b00eee168d0505ccf59034	7c8dc7ea3bd269f098c3159fd9cd6aa5b13eddead3b00eee168d0505ccf59034	
UploadFiles/xwzx/2025/6/202506271457427488.png	UploadFiles/xwzx/2025/6/202506271457427488.png	164190	f21691b5957773a4d1f38cc83d8253de02480d34162dee44a34477627008b48f	f21691b5957773a4d1f38cc83d8253de02480d34162dee44a34477627008b48f	
UploadFiles/xwzx/2025/6/202506271458250093.png	UploadFiles/xwzx/2025/6/202506271458250093.png	166270	b7786747e3e6b3ad99818bf31bfb23a20805abae7532dbfd6c66f46dd639ad5c	b7786747e3e6b3ad99818bf31bfb23a20805abae7532dbfd6c66f46dd639ad5c	
UploadFiles/xwzx/2025/6/202506271459138716.png	UploadFiles/xwzx/2025/6/202506271459138716.png	171196	aad89fd3c854317d9483a22ae529508f0f0f1edcb3619757a854166d294d44e8	aad89fd3c854317d9483a22ae529508f0f0f1edcb3619757a854166d294d44e8	
UploadFiles/xwzx/2025/6/202506271459520999.png	UploadFiles/xwzx/2025/6/202506271459520999.png	2407	c77d25fc260ff5db385c177725f92144675f49063c89508b2573631c7f92c619	c77d25fc260ff5db385c177725f92144675f49063c89508b2573631c7f92c619	
UploadFiles/xwzx/2025/6/202506271518420010.png	UploadFiles/xwzx/2025/6/202506271518420010.png	23999	5742aa865e756377b82077383b261fe27a9609f9edb0b99367b914614b83ba32	5742aa865e756377b82077383b261fe27a9609f9edb0b99367b914614b83ba32	
UploadFiles/xwzx/2025/6/202506271537398934.png	UploadFiles/xwzx/2025/6/202506271537398934.png	126429	6438b504708d35d94c2313819bcd0a0d063fff0010f70cc48cf14d264482e852	6438b504708d35d94c2313819bcd0a0d063fff0010f70cc48cf14d264482e852	
UploadFiles/xwzx/2025/6/202506271538165420.png	UploadFiles/xwzx/2025/6/202506271538165420.png	128765	3109f6ae22f249e0fa499049d1ebe9fd24e14e068f8b82baf2e064f0773e8fd4	3109f6ae22f249e0fa499049d1ebe9fd24e14e068f8b82baf2e064f0773e8fd4	
UploadFiles/xwzx/2025/6/202506271538258167.png	UploadFiles/xwzx/2025/6/202506271538258167.png	125655	cfc00ead43e7a2025904a26780eda2277fb8b7ef1b366bd00bfc0cd988a34f7b	cfc00ead43e7a2025904a26780eda2277fb8b7ef1b366bd00bfc0cd988a34f7b	
UploadFiles/xwzx/2025/6/202506271538553781.png	UploadFiles/xwzx/2025/6/202506271538553781.png	5349	c94654e7a3082f3d8f89adf923b15afafa6361a93e9d7beea121b69632c8dc03	c94654e7a3082f3d8f89adf923b15afafa6361a93e9d7beea121b69632c8dc03	
UploadFiles/xwzx/2025/6/202506271634355540.png	UploadFiles/xwzx/2025/6/202506271634355540.png	20401	8bb0d6b3ef9b1fdf0394c540810f807c6ae77fd8df8ee1be507f3808ea3d6b88	8bb0d6b3ef9b1fdf0394c540810f807c6ae77fd8df8ee1be507f3808ea3d6b88	
UploadFiles/xwzx/2025/6/202506271638277692.png	UploadFiles/xwzx/2025/6/202506271638277692.png	43663	8f1533369aefb9e425eefa4bc4a4c29511639687f72f506b409b3e92474622b7	8f1533369aefb9e425eefa4bc4a4c29511639687f72f506b409b3e92474622b7	
UploadFiles/xwzx/2025/6/202506271638370868.png	UploadFiles/xwzx/2025/6/202506271638370868.png	65831	f57af275401d5e424dd97071c2bd7361e79cc10ea772a5e2b46e429826e693d7	f57af275401d5e424dd97071c2bd7361e79cc10ea772a5e2b46e429826e693d7	
UploadFiles/xwzx/2025/6/202506271644003598.png	UploadFiles/xwzx/2025/6/202506271644003598.png	71846	1eded43b64037296c88a6c63c3b869fea1d1ff069a2e3a2dc671992033ffd9f6	1eded43b64037296c88a6c63c3b869fea1d1ff069a2e3a2dc671992033ffd9f6	
UploadFiles/xwzx/2025/6/202506271645211039.png	UploadFiles/xwzx/2025/6/202506271645211039.png	74121	8ae3f64720b420f8870a115343aec3daada47beb7b18ea2a6094ba3acb64d010	8ae3f64720b420f8870a115343aec3daada47beb7b18ea2a6094ba3acb64d010	
UploadFiles/xwzx/2025/6/202506271646239095.png	UploadFiles/xwzx/2025/6/202506271646239095.png	92050	2bf62d242cea13c717ebf16e424ad4215c1db369c4d80835e744ba3d2f89d80c	2bf62d242cea13c717ebf16e424ad4215c1db369c4d80835e744ba3d2f89d80c	
UploadFiles/xwzx/2025/6/202506271648172898.png	UploadFiles/xwzx/2025/6/202506271648172898.png	61141	6415e0738cc03dd2df60482dce4f944aea394527e4d863bb59aa55850e60cc81	6415e0738cc03dd2df60482dce4f944aea394527e4d863bb59aa55850e60cc81	
UploadFiles/xwzx/2025/6/202506271718131870.png	UploadFiles/xwzx/2025/6/202506271718131870.png	32465	ce1318b6ed473fa16eada5dd798cdcce8bf2b68da84f0a46ba43127f340bca14	ce1318b6ed473fa16eada5dd798cdcce8bf2b68da84f0a46ba43127f340bca14	
UploadFiles/xwzx/2025/6/202506271719516406.png	UploadFiles/xwzx/2025/6/202506271719516406.png	96532	3327e6191f4d4e9fa8e202e01b4c3c60827adce9484b4365842abf7d35f21650	3327e6191f4d4e9fa8e202e01b4c3c60827adce9484b4365842abf7d35f21650	
UploadFiles/xwzx/2025/6/202506271731363853.png	UploadFiles/xwzx/2025/6/202506271731363853.png	97105	b36d9b57a65437089f8ac8ee7ad8808a0db0444de0b04ddd9bb2ccf91c48c35f	b36d9b57a65437089f8ac8ee7ad8808a0db0444de0b04ddd9bb2ccf91c48c35f	
UploadFiles/xwzx/2025/6/202506300944076320.png	UploadFiles/xwzx/2025/6/202506300944076320.png	46942	09f7c3581e0351245e5d864f2638ce8775b751cd82ce574bc7f9bc40bdfc526e	09f7c3581e0351245e5d864f2638ce8775b751cd82ce574bc7f9bc40bdfc526e	
UploadFiles/xwzx/2025/6/202506301054599027.png	UploadFiles/xwzx/2025/6/202506301054599027.png	19051	c6ce90aaa06aa99b069d546151e607b2cb2905018426ecd1c4c396025051d0cf	c6ce90aaa06aa99b069d546151e607b2cb2905018426ecd1c4c396025051d0cf	
UploadFiles/xwzx/2025/6/202506301055029498.png	UploadFiles/xwzx/2025/6/202506301055029498.png	64020	8ddd0a456fce5d4d747397569f69c14b155e34d160cb83eab01b8e65d35be2d3	8ddd0a456fce5d4d747397569f69c14b155e34d160cb83eab01b8e65d35be2d3	
UploadFiles/xwzx/2025/6/202506301324026329.png	UploadFiles/xwzx/2025/6/202506301324026329.png	8217	2a461e832c0128a0c80b83b2559a46e340d4413f075da4f6bc9415e247ed6e27	2a461e832c0128a0c80b83b2559a46e340d4413f075da4f6bc9415e247ed6e27	
UploadFiles/xwzx/2025/6/202506301657437025.png	UploadFiles/xwzx/2025/6/202506301657437025.png	346255	23874ee290a2954fcfd949b4efcb556ce20dc62dffdd35ab2171a8aab4ae816b	23874ee290a2954fcfd949b4efcb556ce20dc62dffdd35ab2171a8aab4ae816b	
UploadFiles/xwzx/2025/6/202506301704258780.png	UploadFiles/xwzx/2025/6/202506301704258780.png	32186	e61921e94ab904d018b3c37900de10d71983152aced079641e9910c068756f0c	e61921e94ab904d018b3c37900de10d71983152aced079641e9910c068756f0c	
UploadFiles/xwzx/2025/7/202507011430224549.png	UploadFiles/xwzx/2025/7/202507011430224549.png	97004	ae07b402a30820eeb39621ed8bd1ab650ac2428372a14ac9d35383a62cfb49af	ae07b402a30820eeb39621ed8bd1ab650ac2428372a14ac9d35383a62cfb49af	
UploadFiles/xwzx/2025/7/202507011431095424.png	UploadFiles/xwzx/2025/7/202507011431095424.png	97502	942c6d31a4d9e247e6152537c7b6bfc9c620d3e1638d0c7878efe5bbf28beb1f	942c6d31a4d9e247e6152537c7b6bfc9c620d3e1638d0c7878efe5bbf28beb1f	
UploadFiles/xwzx/2025/7/202507011548266516.jpg	UploadFiles/xwzx/2025/7/202507011548266516.jpg	383413	ed3791a4f6397ad1aa17a2c8010df4aaa55a75c978bbbadf449380b6e649c3ed	ed3791a4f6397ad1aa17a2c8010df4aaa55a75c978bbbadf449380b6e649c3ed	
UploadFiles/xwzx/2025/7/202507011548272500.jpg	UploadFiles/xwzx/2025/7/202507011548272500.jpg	229889	d6f50e44089ff23f97188e962df2bd8ae0ae78c5cb822cb0397634583b280c75	d6f50e44089ff23f97188e962df2bd8ae0ae78c5cb822cb0397634583b280c75	
UploadFiles/xwzx/2025/7/202507011548273343.JPG	UploadFiles/xwzx/2025/7/202507011548273343.jpg	272015	3379e7830ee85d8c85c8287bc18cc02bc64fc72a4c7dc046c2bcecf6951f8efd	3379e7830ee85d8c85c8287bc18cc02bc64fc72a4c7dc046c2bcecf6951f8efd	
UploadFiles/xwzx/2025/7/202507011548276539.jpg	UploadFiles/xwzx/2025/7/202507011548276539.jpg	539196	17741fc3849c5de299949e14e79a07f7561351b16ed0e6214cadda3beb61cf6e	17741fc3849c5de299949e14e79a07f7561351b16ed0e6214cadda3beb61cf6e	
UploadFiles/xwzx/2025/7/202507011549163047.jpg	UploadFiles/xwzx/2025/7/202507011549163047.jpg	4021958	73a436f4cc7c3548e44811ac8e5fe25681fab46f69ee2e93aabc77589d63c1ab	73a436f4cc7c3548e44811ac8e5fe25681fab46f69ee2e93aabc77589d63c1ab	
UploadFiles/xwzx/2025/7/202507011549219017.jpg	UploadFiles/xwzx/2025/7/202507011549219017.jpg	3969320	066442d806b8fb137d8f9a04d24534f2436c72c4eec89d3cdfb6b7aef7dae605	066442d806b8fb137d8f9a04d24534f2436c72c4eec89d3cdfb6b7aef7dae605	
UploadFiles/xwzx/2025/7/202507011549257919.jpg	UploadFiles/xwzx/2025/7/202507011549257919.jpg	3915689	bc423bc0d33df6ab03ae14e26750c3d67b85b23798dba76c7db68e6914471277	bc423bc0d33df6ab03ae14e26750c3d67b85b23798dba76c7db68e6914471277	
UploadFiles/xwzx/2025/7/202507011549287030.jpg	UploadFiles/xwzx/2025/7/202507011549287030.jpg	924097	b45526c7c08c8d0c195a28de4bef00c1aee6f0a572e914d19a3427102ab8d5f6	b45526c7c08c8d0c195a28de4bef00c1aee6f0a572e914d19a3427102ab8d5f6	
UploadFiles/xwzx/2025/7/202507011549317594.jpg	UploadFiles/xwzx/2025/7/202507011549317594.jpg	3842204	4548a027b06d336581d0f48c9cc4e487ff633e6860dbeb0870367f32b6d8651d	4548a027b06d336581d0f48c9cc4e487ff633e6860dbeb0870367f32b6d8651d	
UploadFiles/xwzx/2025/7/202507011549341349.jpg	UploadFiles/xwzx/2025/7/202507011549341349.jpg	3976974	338ab739119c358431fbfdc6503e229119ff7c72784e9dfccebc3b06dae60c27	338ab739119c358431fbfdc6503e229119ff7c72784e9dfccebc3b06dae60c27	
UploadFiles/xwzx/2025/7/202507011549385174.jpg	UploadFiles/xwzx/2025/7/202507011549385174.jpg	3706641	2117c53fd15296bd4b9e4f47a9d28d1da4785a711c3c5889b37f8c73dfca2a41	2117c53fd15296bd4b9e4f47a9d28d1da4785a711c3c5889b37f8c73dfca2a41	
UploadFiles/xwzx/2025/7/202507011549414330.jpg	UploadFiles/xwzx/2025/7/202507011549414330.jpg	4323571	cd4d8cc6493752bcf013f0e78442dd79e9757264dfb4984f3d02be4c84777004	cd4d8cc6493752bcf013f0e78442dd79e9757264dfb4984f3d02be4c84777004	
UploadFiles/xwzx/2025/7/202507011549430771.jpg	UploadFiles/xwzx/2025/7/202507011549430771.jpg	3799817	3e8cc866251c3583198ee900e5e8ef349f813b2adae47c5bd3325e93d30706c7	3e8cc866251c3583198ee900e5e8ef349f813b2adae47c5bd3325e93d30706c7	
UploadFiles/xwzx/2025/7/202507011551000986.jpg	UploadFiles/xwzx/2025/7/202507011551000986.jpg	569298	bc34ee2c57ee43153cb3b3e67e784f595f872a7d1645c7b70744465fcb496847	bc34ee2c57ee43153cb3b3e67e784f595f872a7d1645c7b70744465fcb496847	
UploadFiles/xwzx/2025/7/202507011551023032.jpg	UploadFiles/xwzx/2025/7/202507011551023032.jpg	1434509	56db18fad0312523a0169d7c08540fdccd5f1fe771160668d4996d770764b46e	56db18fad0312523a0169d7c08540fdccd5f1fe771160668d4996d770764b46e	
UploadFiles/xwzx/2025/7/202507011551024493.jpg	UploadFiles/xwzx/2025/7/202507011551024493.jpg	2533322	1a4451a843e1db69b902aee6afd9312ad2cabe66a711775ebc0d03655b5d437c	1a4451a843e1db69b902aee6afd9312ad2cabe66a711775ebc0d03655b5d437c	
UploadFiles/xwzx/2025/7/202507011551209450.jpg	UploadFiles/xwzx/2025/7/202507011551209450.jpg	1352359	92fa3937972c38654af70e6b19997616b707a9e496b5f6397b503bd25259bc83	92fa3937972c38654af70e6b19997616b707a9e496b5f6397b503bd25259bc83	
UploadFiles/xwzx/2025/7/202507011551226980.jpg	UploadFiles/xwzx/2025/7/202507011551226980.jpg	3409401	21c41c4ae04f98f649aec31885351b1fcf1003bb5107a1f386cecb0ba85bd9ea	21c41c4ae04f98f649aec31885351b1fcf1003bb5107a1f386cecb0ba85bd9ea	
UploadFiles/xwzx/2025/7/202507011551345427.jpg	UploadFiles/xwzx/2025/7/202507011551345427.jpg	1444908	aed5cdeded6009aab5cb899235eb927ca3437f72f64d8b8735924f5f6685f5ed	aed5cdeded6009aab5cb899235eb927ca3437f72f64d8b8735924f5f6685f5ed	
UploadFiles/xwzx/2025/7/202507011700583724.png	UploadFiles/xwzx/2025/7/202507011700583724.png	96383	2e6ce48ee432867cc00c57bdb5ad2266a3beb9553a671279950785bfee49b90e	2e6ce48ee432867cc00c57bdb5ad2266a3beb9553a671279950785bfee49b90e	
UploadFiles/xwzx/2025/7/202507011727052207.gif	UploadFiles/xwzx/2025/7/202507011727052207.gif	970	2e20adfa5746298c73e199693934f04f5416d373daa6dd0d5e73a337f2f36dff	2e20adfa5746298c73e199693934f04f5416d373daa6dd0d5e73a337f2f36dff	
UploadFiles/xwzx/2025/7/202507021439563133.png	UploadFiles/xwzx/2025/7/202507021439563133.png	11435	190a31a4137f9f079b265439241c48984e17faa6fac175a45ac2dbc83394ae1b	190a31a4137f9f079b265439241c48984e17faa6fac175a45ac2dbc83394ae1b	
UploadFiles/xwzx/2025/7/202507021439566458.png	UploadFiles/xwzx/2025/7/202507021439566458.png	13376	732254eccc15e6687fb9656e3f695f263c13ec21f09cf5387c7000d16b41d27f	732254eccc15e6687fb9656e3f695f263c13ec21f09cf5387c7000d16b41d27f	
UploadFiles/xwzx/2025/7/202507021439572480.png	UploadFiles/xwzx/2025/7/202507021439572480.png	13054	61ac22a83ddb333e78b4b8d4476373cb7c5176cf7defdecedfbd033e59a823e2	61ac22a83ddb333e78b4b8d4476373cb7c5176cf7defdecedfbd033e59a823e2	
UploadFiles/xwzx/2025/7/202507021439576252.png	UploadFiles/xwzx/2025/7/202507021439576252.png	7665	ff375c1d64b35ac27b862f9f48a699e7395bf14d9d91b9cedc100346fad04ebc	ff375c1d64b35ac27b862f9f48a699e7395bf14d9d91b9cedc100346fad04ebc	
UploadFiles/xwzx/2025/7/202507021513323397.png	UploadFiles/xwzx/2025/7/202507021513323397.png	95897	908e180e880c32e210f11ef110b71b360de84403f2a7fdfcee3849bc8ef3cfe2	908e180e880c32e210f11ef110b71b360de84403f2a7fdfcee3849bc8ef3cfe2	
UploadFiles/xwzx/2025/7/202507021528287370.png	UploadFiles/xwzx/2025/7/202507021528287370.png	131659	7b325b78ea65d60b86c297a3c6d592aecea919ebfa7bfbe8881ddd909f87df9d	7b325b78ea65d60b86c297a3c6d592aecea919ebfa7bfbe8881ddd909f87df9d	
UploadFiles/xwzx/2025/7/202507030918226966.JPG	UploadFiles/xwzx/2025/7/202507030918226966.jpg	7434017	00a2fcaf101341cdec4944599d0eba5c5db8d4002e5be797350b6084818a2de0	00a2fcaf101341cdec4944599d0eba5c5db8d4002e5be797350b6084818a2de0	
UploadFiles/xwzx/2025/7/202507030918356884.JPG	UploadFiles/xwzx/2025/7/202507030918356884.jpg	7329751	540ec06ecdb004e25594b2660787b93f062afd9d96df48eef52a41ada5c2d876	540ec06ecdb004e25594b2660787b93f062afd9d96df48eef52a41ada5c2d876	
UploadFiles/xwzx/2025/7/202507030918501805.JPG	UploadFiles/xwzx/2025/7/202507030918501805.jpg	7256645	0672c8ae0c3b6f8592cc24688d17cc6f9ed72688816c34191fa009b15ae1f29a	0672c8ae0c3b6f8592cc24688d17cc6f9ed72688816c34191fa009b15ae1f29a	
UploadFiles/xwzx/2025/7/202507030919046008.JPG	UploadFiles/xwzx/2025/7/202507030919046008.jpg	7811177	1105cb93d89e5ff7db02d3c8f12f650c5197cf96e3a98f783f04472f43ff2199	1105cb93d89e5ff7db02d3c8f12f650c5197cf96e3a98f783f04472f43ff2199	
UploadFiles/xwzx/2025/7/202507030919294434.JPG	UploadFiles/xwzx/2025/7/202507030919294434.jpg	9611549	027c9922916491840036e3f881bebbfc667f9a15e55a55fbcdb6d0d6b88048bc	027c9922916491840036e3f881bebbfc667f9a15e55a55fbcdb6d0d6b88048bc	
UploadFiles/xwzx/2025/7/202507030919320937.JPG	UploadFiles/xwzx/2025/7/202507030919320937.jpg	6579053	6250c667b2cf0bb5b639fbfee8f12a9ff1e99a1cbb74ce652d4c29240198f225	6250c667b2cf0bb5b639fbfee8f12a9ff1e99a1cbb74ce652d4c29240198f225	
UploadFiles/xwzx/2025/7/202507030919433838.JPG	UploadFiles/xwzx/2025/7/202507030919433838.jpg	9485775	e18d38f9ac2b9d078570f1d0136640c5cc0b98785b92d99c39e0f99ae27d8a7e	e18d38f9ac2b9d078570f1d0136640c5cc0b98785b92d99c39e0f99ae27d8a7e	
UploadFiles/xwzx/2025/7/202507030919461904.jpg	UploadFiles/xwzx/2025/7/202507030919461904.jpg	5352675	b2e509e6b962328ed3c7d18c1a002df648e35f940eae5dcb13bf1d7b6c6e3ebe	b2e509e6b962328ed3c7d18c1a002df648e35f940eae5dcb13bf1d7b6c6e3ebe	
UploadFiles/xwzx/2025/7/202507030919581085.JPG	UploadFiles/xwzx/2025/7/202507030919581085.jpg	7402222	e68e44d847bf28ac689d0ff386fbe8d1cafdcb0369f2c2865862cdeef4a8f54e	e68e44d847bf28ac689d0ff386fbe8d1cafdcb0369f2c2865862cdeef4a8f54e	
UploadFiles/xwzx/2025/7/202507030920282348.JPG	UploadFiles/xwzx/2025/7/202507030920282348.jpg	8193674	2e637ae26355bca0b88381826f9afde64d5e075e195c2ee619c336476b8ff6cc	2e637ae26355bca0b88381826f9afde64d5e075e195c2ee619c336476b8ff6cc	
UploadFiles/xwzx/2025/7/202507030922360343.JPG	UploadFiles/xwzx/2025/7/202507030922360343.jpg	8525809	b1b23062ca945e4d4e3c5048c7e399769d6214880dedf4ea4f8c9dd1dd7bcd71	b1b23062ca945e4d4e3c5048c7e399769d6214880dedf4ea4f8c9dd1dd7bcd71	
UploadFiles/xwzx/2025/7/202507030923567062.JPG	UploadFiles/xwzx/2025/7/202507030923567062.jpg	8529317	87d7d15dc7f3be9aafc467fe25bd91c54070a43be6e67c5cef5a4d3282ec3605	87d7d15dc7f3be9aafc467fe25bd91c54070a43be6e67c5cef5a4d3282ec3605	
UploadFiles/xwzx/2025/7/202507031020207577.png	UploadFiles/xwzx/2025/7/202507031020207577.png	10606	2c8922fa8118d2f4257956b857b5147794c341b29a9eff11e0b28c049f743b78	2c8922fa8118d2f4257956b857b5147794c341b29a9eff11e0b28c049f743b78	
UploadFiles/xwzx/2025/7/202507031020208557.png	UploadFiles/xwzx/2025/7/202507031020208557.png	44594	a539e2ac0522865224b1f6e9c2a8989542ba0fcdea65286b34e05257e2e84159	a539e2ac0522865224b1f6e9c2a8989542ba0fcdea65286b34e05257e2e84159	
UploadFiles/xwzx/2025/7/202507031020216927.png	UploadFiles/xwzx/2025/7/202507031020216927.png	6998	057c24555331982678b8ad82c57d1c2f4581a8961edc9acff865f98bfe0ec3fa	057c24555331982678b8ad82c57d1c2f4581a8961edc9acff865f98bfe0ec3fa	
UploadFiles/xwzx/2025/7/202507031303355171.png	UploadFiles/xwzx/2025/7/202507031303355171.png	29224	3d4b8be0eb89beacdda594f5232cf0ac873018442cb367e5b9a910b320bea4bb	3d4b8be0eb89beacdda594f5232cf0ac873018442cb367e5b9a910b320bea4bb	
UploadFiles/xwzx/2025/7/202507031314143680.png	UploadFiles/xwzx/2025/7/202507031314143680.png	61171	6c7f76d61ff23870df22b1138f59f9badb0bd3fef7956beff532eb1c9b6b7a04	6c7f76d61ff23870df22b1138f59f9badb0bd3fef7956beff532eb1c9b6b7a04	
UploadFiles/xwzx/2025/7/202507031831334850.png	UploadFiles/xwzx/2025/7/202507031831334850.png	126038	06c2edad5c724c74614b247e4ce6dfd1b2a754c8b1cabe5a158eb7bd10b37039	06c2edad5c724c74614b247e4ce6dfd1b2a754c8b1cabe5a158eb7bd10b37039	
UploadFiles/xwzx/2025/7/202507040924363032.gif	UploadFiles/xwzx/2025/7/202507040924363032.gif	1012	62c86a7776611273707faece405890b74a8c521b17a73e339875d8aa4f9ca361	62c86a7776611273707faece405890b74a8c521b17a73e339875d8aa4f9ca361	
UploadFiles/xwzx/2025/7/202507040936010523.JPEG	UploadFiles/xwzx/2025/7/202507040936010523.jpeg	645386	24afb9b7feb46471f459514af37369ac4988c0cbee91bb6ca9624018dad5fb56	24afb9b7feb46471f459514af37369ac4988c0cbee91bb6ca9624018dad5fb56	
UploadFiles/xwzx/2025/7/202507040936013503.JPEG	UploadFiles/xwzx/2025/7/202507040936013503.jpeg	951044	dcab1a93c288ea7f47fc8550c1430ca13d266515a07ce205947f42b219a67d07	dcab1a93c288ea7f47fc8550c1430ca13d266515a07ce205947f42b219a67d07	
UploadFiles/xwzx/2025/7/202507040936016771.JPEG	UploadFiles/xwzx/2025/7/202507040936016771.jpeg	812322	5cf8caac2fd7229010f877bf2d1db587b4654300c5bb5b9118f25b3345fd71a4	5cf8caac2fd7229010f877bf2d1db587b4654300c5bb5b9118f25b3345fd71a4	
UploadFiles/xwzx/2025/7/202507040936024549.JPEG	UploadFiles/xwzx/2025/7/202507040936024549.jpeg	1737254	363833516c2400edb1303931c9425a07644b14a4dab5268a78c5632276ace454	363833516c2400edb1303931c9425a07644b14a4dab5268a78c5632276ace454	
UploadFiles/xwzx/2025/7/202507040936028019.JPEG	UploadFiles/xwzx/2025/7/202507040936028019.jpeg	1512047	0e1df15fea658b27f946451d6e45f5df7b611a0ae539de0d7efac945c8c10a97	0e1df15fea658b27f946451d6e45f5df7b611a0ae539de0d7efac945c8c10a97	
UploadFiles/xwzx/2025/7/202507040937094123.gif	UploadFiles/xwzx/2025/7/202507040937094123.gif	1012	62c86a7776611273707faece405890b74a8c521b17a73e339875d8aa4f9ca361	62c86a7776611273707faece405890b74a8c521b17a73e339875d8aa4f9ca361	
UploadFiles/xwzx/2025/7/202507041034474882.jpg	UploadFiles/xwzx/2025/7/202507041034474882.jpg	1717996	1757a25d6758f497b466fa2142d0eca6bde1623f4736631b60d467f6259b8416	1757a25d6758f497b466fa2142d0eca6bde1623f4736631b60d467f6259b8416	
UploadFiles/xwzx/2025/7/202507041034488929.jpg	UploadFiles/xwzx/2025/7/202507041034488929.jpg	2006223	adc9f0b2e4102b2372927c26bd7e8eba6ed2449359d2f5a77c718a2a665a16b1	adc9f0b2e4102b2372927c26bd7e8eba6ed2449359d2f5a77c718a2a665a16b1	
UploadFiles/xwzx/2025/7/202507041034528801.jpg	UploadFiles/xwzx/2025/7/202507041034528801.jpg	3723353	1bad82e5278131bd0b05fbbe57b690c0505efd12ee2104927bde450227de9d2d	1bad82e5278131bd0b05fbbe57b690c0505efd12ee2104927bde450227de9d2d	
UploadFiles/xwzx/2025/7/202507041034530105.jpg	UploadFiles/xwzx/2025/7/202507041034530105.jpg	2289047	e2a5352ade6e0e2c34c82e935de733eaa93ba37dbf159a0ac15b9bcc4eb5e834	e2a5352ade6e0e2c34c82e935de733eaa93ba37dbf159a0ac15b9bcc4eb5e834	
UploadFiles/xwzx/2025/7/202507041034533561.jpg	UploadFiles/xwzx/2025/7/202507041034533561.jpg	2006609	bc5915cf9304c96e6513ae53e424cef5c52414ad17ddedd7dc0241686f2b5c60	bc5915cf9304c96e6513ae53e424cef5c52414ad17ddedd7dc0241686f2b5c60	
UploadFiles/xwzx/2025/7/202507041035498412.jpg	UploadFiles/xwzx/2025/7/202507041035498412.jpg	3193004	89f6e4ca1b23d574c31dece47ce196e813c845d1caeddd80edab49f0e45a5820	89f6e4ca1b23d574c31dece47ce196e813c845d1caeddd80edab49f0e45a5820	
UploadFiles/xwzx/2025/7/202507041035499210.jpg	UploadFiles/xwzx/2025/7/202507041035499210.jpg	3452938	cce5fb954cd02ae00309ea695c89b34d3ae8da1da7a4bee9cd7d226aeb2b84f8	cce5fb954cd02ae00309ea695c89b34d3ae8da1da7a4bee9cd7d226aeb2b84f8	
UploadFiles/xwzx/2025/7/202507041035499577.jpg	UploadFiles/xwzx/2025/7/202507041035499577.jpg	3425163	fcfb0d09065308193e9f7950323f89aaf7721e1e00b8ac3592b49092a7908575	fcfb0d09065308193e9f7950323f89aaf7721e1e00b8ac3592b49092a7908575	
UploadFiles/xwzx/2025/7/202507041035578086.jpg	UploadFiles/xwzx/2025/7/202507041035578086.jpg	2819093	968e3096896b3b929e11e655806fd2261b1b9191c27024a94ff8d5716e1e85df	968e3096896b3b929e11e655806fd2261b1b9191c27024a94ff8d5716e1e85df	
UploadFiles/xwzx/2025/7/202507041035589444.jpg	UploadFiles/xwzx/2025/7/202507041035589444.jpg	3409075	09970137f0dc3cc6345700bd34500c27e45f829baaab9acf431f393c4337e991	09970137f0dc3cc6345700bd34500c27e45f829baaab9acf431f393c4337e991	
UploadFiles/xwzx/2025/7/202507041035597194.jpg	UploadFiles/xwzx/2025/7/202507041035597194.jpg	3393173	feafde8e06d3428582a9a9811ab6bd00fb219c5d65a8eef4310fdfa3f7c415fa	feafde8e06d3428582a9a9811ab6bd00fb219c5d65a8eef4310fdfa3f7c415fa	
UploadFiles/xwzx/2025/7/202507041036043782.jpg	UploadFiles/xwzx/2025/7/202507041036043782.jpg	3219134	5e8c4427e250d9d9a0f230b84ac744d0711ce87a73c20ed9c02736390b7321af	5e8c4427e250d9d9a0f230b84ac744d0711ce87a73c20ed9c02736390b7321af	
UploadFiles/xwzx/2025/7/202507041036054801.jpg	UploadFiles/xwzx/2025/7/202507041036054801.jpg	4408673	e7fbc5d1a5ca2e84160ed6bee4e60780c2e9e8b57032703dba387122a68709de	e7fbc5d1a5ca2e84160ed6bee4e60780c2e9e8b57032703dba387122a68709de	
UploadFiles/xwzx/2025/7/202507041105179520.JPG	UploadFiles/xwzx/2025/7/202507041105179520.jpg	260070	1e85324fdc06a385b0a775fcbfcf7e798c6f4e74e8fdba677bf697df6424f8ec	1e85324fdc06a385b0a775fcbfcf7e798c6f4e74e8fdba677bf697df6424f8ec	
UploadFiles/xwzx/2025/7/202507041105186532.JPG	UploadFiles/xwzx/2025/7/202507041105186532.jpg	299076	b10adcb0dbb18f027051fc1e118f0feb20b35005084fdbf2201d251c22f91941	b10adcb0dbb18f027051fc1e118f0feb20b35005084fdbf2201d251c22f91941	
UploadFiles/xwzx/2025/7/202507041713152506.png	UploadFiles/xwzx/2025/7/202507041713152506.png	264531	b06d869b7459361f22ea81d67fa0328c5190227de1118aec5f32b2476214c468	b06d869b7459361f22ea81d67fa0328c5190227de1118aec5f32b2476214c468	
UploadFiles/xwzx/2025/7/202507041751146029.png	UploadFiles/xwzx/2025/7/202507041751146029.png	422726	0963eb1750789b4c9265b4db3c045211c328fbc7fcb91664b848cb89e56045f7	0963eb1750789b4c9265b4db3c045211c328fbc7fcb91664b848cb89e56045f7	
UploadFiles/xwzx/2025/7/202507071820002847.png	UploadFiles/xwzx/2025/7/202507071820002847.png	232258	cd1eb88a5999f0433d9f7e890a133bb0d76d4d0e2fb6fdbec1827e0c44d81c1a	cd1eb88a5999f0433d9f7e890a133bb0d76d4d0e2fb6fdbec1827e0c44d81c1a	
UploadFiles/xwzx/2025/7/202507081726035251.gif	UploadFiles/xwzx/2025/7/202507081726035251.gif	996	6a8c34408daee220b364f56261db307a68c0d8732f762bb90ddccb5482683677	6a8c34408daee220b364f56261db307a68c0d8732f762bb90ddccb5482683677	
UploadFiles/xwzx/2025/7/202507090844322010.jpg	UploadFiles/xwzx/2025/7/202507090844322010.jpg	327624	32fc76f8aacb42529e3e471ce7fcbbf25977f0da62f802d89caf347e846cb706	32fc76f8aacb42529e3e471ce7fcbbf25977f0da62f802d89caf347e846cb706	
UploadFiles/xwzx/2025/7/202507100810595613.png	UploadFiles/xwzx/2025/7/202507100810595613.png	20102	2225e1a6e84f4e447b181ec022622f76420ed2b43fe08708116dc751ae9ccb23	2225e1a6e84f4e447b181ec022622f76420ed2b43fe08708116dc751ae9ccb23	
UploadFiles/xwzx/2025/7/202507111046483705.JPG	UploadFiles/xwzx/2025/7/202507111046483705.jpg	15207706	241df17e96cc17714a52558e151a0b456d7a2ed457123ab33fc7d0cdc1e0866b	241df17e96cc17714a52558e151a0b456d7a2ed457123ab33fc7d0cdc1e0866b	
UploadFiles/xwzx/2025/7/202507151130222167.jpg	UploadFiles/xwzx/2025/7/202507151130222167.jpg	1685059	e0d72ebc3d08ecc839efc0e0167067f700502335b65083818bfc4b69c3ed1d92	e0d72ebc3d08ecc839efc0e0167067f700502335b65083818bfc4b69c3ed1d92	
UploadFiles/xwzx/2025/7/202507151130223623.jpg	UploadFiles/xwzx/2025/7/202507151130223623.jpg	968137	735560b91355108a5bb759fefa82cfbddd4e6adade2bf6f74d9ed3c66d47b23f	735560b91355108a5bb759fefa82cfbddd4e6adade2bf6f74d9ed3c66d47b23f	
UploadFiles/xwzx/2025/7/202507151130224741.jpg	UploadFiles/xwzx/2025/7/202507151130224741.jpg	1156512	582fed65adf9d541ea165c6b382fc611cdaf0e71fa243b96677ac6fc2a2d4bfd	582fed65adf9d541ea165c6b382fc611cdaf0e71fa243b96677ac6fc2a2d4bfd	
UploadFiles/xwzx/2025/7/202507151130226010.jpg	UploadFiles/xwzx/2025/7/202507151130226010.jpg	1405107	38ec25c5b8dbbe433f688e167c907dd5114984fe50d8bdd7ff1aed3ba2d19b80	38ec25c5b8dbbe433f688e167c907dd5114984fe50d8bdd7ff1aed3ba2d19b80	
UploadFiles/xwzx/2025/7/202507151130227611.jpg	UploadFiles/xwzx/2025/7/202507151130227611.jpg	1624144	11dcacc8ebdc467b7bad645c8e063c377301812fe99975d9123e82a42f474c96	11dcacc8ebdc467b7bad645c8e063c377301812fe99975d9123e82a42f474c96	
UploadFiles/xwzx/2025/7/202507151130229674.jpg	UploadFiles/xwzx/2025/7/202507151130229674.jpg	1888266	7f019e95ef77f7224680bb541a99ba1f191c2c26100baf5cb8816372776aa925	7f019e95ef77f7224680bb541a99ba1f191c2c26100baf5cb8816372776aa925	
UploadFiles/xwzx/2025/7/202507151130230193.jpg	UploadFiles/xwzx/2025/7/202507151130230193.jpg	2036407	ae966bae672d283d65fa7352447ab108dd0364c89e47b4341d441ce0ef609202	ae966bae672d283d65fa7352447ab108dd0364c89e47b4341d441ce0ef609202	
UploadFiles/xwzx/2025/7/202507151130231371.jpeg	UploadFiles/xwzx/2025/7/202507151130231371.jpeg	1035595	808f7368327a238a44eda22963fa2f5a5cf0abb379915800584d2132915385d7	808f7368327a238a44eda22963fa2f5a5cf0abb379915800584d2132915385d7	
UploadFiles/xwzx/2025/7/202507151130232938.jpg	UploadFiles/xwzx/2025/7/202507151130232938.jpg	2408188	a26b96bc00e969ecdae60639c27106a42b76764e5d436266764004b2a81ce48b	a26b96bc00e969ecdae60639c27106a42b76764e5d436266764004b2a81ce48b	
UploadFiles/xwzx/2025/7/202507151130237757.jpg	UploadFiles/xwzx/2025/7/202507151130237757.jpg	1279544	ad13eefe7dfc2da80429e2ed942822b7266f99aba4dd7d43c62278db6b89e6f0	ad13eefe7dfc2da80429e2ed942822b7266f99aba4dd7d43c62278db6b89e6f0	
UploadFiles/xwzx/2025/8/202508111010347476.png	UploadFiles/xwzx/2025/8/202508111010347476.png	125900	8ce2cff2fa578d91b8c353452efc71f240c10786e7d9d1ded62a06b7836b5775	8ce2cff2fa578d91b8c353452efc71f240c10786e7d9d1ded62a06b7836b5775	
UploadFiles/xwzx/2025/8/202508111031385060.png	UploadFiles/xwzx/2025/8/202508111031385060.png	81326	a0c729fe5d7557229ddcdeacc280ae5c18a5151f6d758c36b9e861cd48a344e1	a0c729fe5d7557229ddcdeacc280ae5c18a5151f6d758c36b9e861cd48a344e1	
UploadFiles/xwzx/2025/8/202508131624110176.jpg	UploadFiles/xwzx/2025/8/202508131624110176.jpg	882883	b72995c02344326b4ea15487e92305610a693f0e7801b01f266b07cd4f7a648d	b72995c02344326b4ea15487e92305610a693f0e7801b01f266b07cd4f7a648d	
UploadFiles/xwzx/2025/8/202508200929353714.png	UploadFiles/xwzx/2025/8/202508200929353714.png	38139	9c76a6bf1bf11763b142ba27a5d24f0d8896ee85f69790417147f0fc9af1669b	9c76a6bf1bf11763b142ba27a5d24f0d8896ee85f69790417147f0fc9af1669b	
UploadFiles/xwzx/2025/8/202508210839594163.png	UploadFiles/xwzx/2025/8/202508210839594163.png	8766	cc741a999a376e32dc06ef90d4debea49c45d3554e7cf53c79dad1cafda86df3	cc741a999a376e32dc06ef90d4debea49c45d3554e7cf53c79dad1cafda86df3	
UploadFiles/xwzx/2025/8/202508221557464879.jpg	UploadFiles/xwzx/2025/8/202508221557464879.jpg	506791	8ec48770ee7380142c0add95267e92e8cacf659ef05c58ca6aa672ca400d34e3	8ec48770ee7380142c0add95267e92e8cacf659ef05c58ca6aa672ca400d34e3	
UploadFiles/xwzx/2025/8/202508221557468158.jpg	UploadFiles/xwzx/2025/8/202508221557468158.jpg	417652	6c2a2f77e90a22a3f6b6e6e9496e1d82d55033ab3b393097040e63d55e66e728	6c2a2f77e90a22a3f6b6e6e9496e1d82d55033ab3b393097040e63d55e66e728	
UploadFiles/xwzx/2025/8/202508221938081630.jpg	UploadFiles/xwzx/2025/8/202508221938081630.jpg	432823	d4693ddc29b75a2a35cefe6c235a45e8dde890564d2e5cd589de63194c0a682f	d4693ddc29b75a2a35cefe6c235a45e8dde890564d2e5cd589de63194c0a682f	
UploadFiles/xwzx/2025/8/202508230707010635.png	UploadFiles/xwzx/2025/8/202508230707010635.png	53348	c337cdfbd698c0f94933e177cdfd8941161e1cc5bb797877fd9944197de875a9	c337cdfbd698c0f94933e177cdfd8941161e1cc5bb797877fd9944197de875a9	
UploadFiles/xwzx/2025/8/202508230916534454.JPG	UploadFiles/xwzx/2025/8/202508230916534454.jpg	2449278	32f552ebbae69aec31348a9355cb086691caafd2d8518d3b5b286c7f6d909bba	32f552ebbae69aec31348a9355cb086691caafd2d8518d3b5b286c7f6d909bba	
UploadFiles/xwzx/2025/8/202508230916575947.JPG	UploadFiles/xwzx/2025/8/202508230916575947.jpg	1985677	887b00b99986229e01c957a1ccf71a3297b49f1242b07102be3c788abaefce8e	887b00b99986229e01c957a1ccf71a3297b49f1242b07102be3c788abaefce8e	
UploadFiles/xwzx/2025/8/202508230917017281.JPG	UploadFiles/xwzx/2025/8/202508230917017281.jpg	9957392	3c37447643537fe99a9a52bc06cde1a8950f73310eaf1a593b95d821efc9bc4f	3c37447643537fe99a9a52bc06cde1a8950f73310eaf1a593b95d821efc9bc4f	
UploadFiles/xwzx/2025/8/202508230917125598.JPG	UploadFiles/xwzx/2025/8/202508230917125598.jpg	5749612	d3bb6b0cb7abe085c1aeed707f883aa98efbbf60d7f66bd6b96228779344953b	d3bb6b0cb7abe085c1aeed707f883aa98efbbf60d7f66bd6b96228779344953b	
UploadFiles/xwzx/2025/8/202508230917214916.JPG	UploadFiles/xwzx/2025/8/202508230917214916.jpg	7793153	13adf16d63e6e606bc7e2a6ed5ed9d3390221444555f49e6056348351b2c30fd	13adf16d63e6e606bc7e2a6ed5ed9d3390221444555f49e6056348351b2c30fd	
UploadFiles/xwzx/2025/8/202508230917282545.JPG	UploadFiles/xwzx/2025/8/202508230917282545.jpg	10390403	1f8612414b61c21bc8747ed1fdf5c17a2142d7eb572bdb96ab3d83ce388b3a28	1f8612414b61c21bc8747ed1fdf5c17a2142d7eb572bdb96ab3d83ce388b3a28	
UploadFiles/xwzx/2025/8/202508230917331748.JPG	UploadFiles/xwzx/2025/8/202508230917331748.jpg	1744493	0f345ec1d682f3a6b76dbddd8aa82ba00b8677a4caa8d7851b7470b21e3d165e	0f345ec1d682f3a6b76dbddd8aa82ba00b8677a4caa8d7851b7470b21e3d165e	
UploadFiles/xwzx/2025/8/202508230917399637.JPG	UploadFiles/xwzx/2025/8/202508230917399637.jpg	2455220	1a77610d6638499775176bc5d7b70b37e897825e56bda715dd1c907dc5de9e97	1a77610d6638499775176bc5d7b70b37e897825e56bda715dd1c907dc5de9e97	
UploadFiles/xwzx/2025/8/202508230917451799.JPG	UploadFiles/xwzx/2025/8/202508230917451799.jpg	1220541	23e9de0b2ac88b2e2c37cd05611da81c49ca924d5dbe7952ea68103ec7c228dd	23e9de0b2ac88b2e2c37cd05611da81c49ca924d5dbe7952ea68103ec7c228dd	
UploadFiles/xwzx/2025/8/202508230917507363.JPG	UploadFiles/xwzx/2025/8/202508230917507363.jpg	11823670	217721e4fe810199434ad681c62e5a5f69bf6dc272a157b7b724f58411ad9ebe	217721e4fe810199434ad681c62e5a5f69bf6dc272a157b7b724f58411ad9ebe	
UploadFiles/xwzx/2025/8/202508241234046169.png	UploadFiles/xwzx/2025/8/202508241234046169.png	18965	0a13b332c6652b630c59bcf60bb7a86e4648a4c71f1551fddf3d1dac80fb8141	0a13b332c6652b630c59bcf60bb7a86e4648a4c71f1551fddf3d1dac80fb8141	
UploadFiles/xwzx/2025/8/202508250843132443.jpg	UploadFiles/xwzx/2025/8/202508250843132443.jpg	45481	85bac8550bec5978312508e26ddb91fec322a31bfdb365364c6bd4d68990c3eb	85bac8550bec5978312508e26ddb91fec322a31bfdb365364c6bd4d68990c3eb	
UploadFiles/xwzx/2025/8/202508250849583449.png	UploadFiles/xwzx/2025/8/202508250849583449.png	121012	0fc88e527982110001265536ec2ced7c1c67431e01f817defa928a661a1ccdf5	0fc88e527982110001265536ec2ced7c1c67431e01f817defa928a661a1ccdf5	
UploadFiles/xwzx/2025/8/202508261404317948.jpg	UploadFiles/xwzx/2025/8/202508261404317948.jpg	18679764	27ffbe9148a9e92818d011411ed0e6f73f94b3cc10cb81e166b31f1503505811	27ffbe9148a9e92818d011411ed0e6f73f94b3cc10cb81e166b31f1503505811	
UploadFiles/xwzx/2025/8/202508261404413105.jpg	UploadFiles/xwzx/2025/8/202508261404413105.jpg	14111668	7bae105a224e3bf7678c4b0f7d879e9eaa0d7031fb82afd290a6c82f2758f933	7bae105a224e3bf7678c4b0f7d879e9eaa0d7031fb82afd290a6c82f2758f933	
UploadFiles/xwzx/2025/8/202508261404417684.jpg	UploadFiles/xwzx/2025/8/202508261404417684.jpg	20536406	e30c6147df39981c8598ba224c35f30ad3b8f3dc8aa758931270f517b4406ba0	e30c6147df39981c8598ba224c35f30ad3b8f3dc8aa758931270f517b4406ba0	
UploadFiles/xwzx/2025/8/202508261404524702.jpg	UploadFiles/xwzx/2025/8/202508261404524702.jpg	12552959	ffa1504e426813f66a4029f82806f93b575ab0aff77eb0273cfd905ffc6836ac	ffa1504e426813f66a4029f82806f93b575ab0aff77eb0273cfd905ffc6836ac	
UploadFiles/xwzx/2025/8/202508261405013698.jpg	UploadFiles/xwzx/2025/8/202508261405013698.jpg	14642676	f757ac0bec400c8133c46ce70afd247dc1d8e1c870bf06e4e04aadf2f3bfe81c	f757ac0bec400c8133c46ce70afd247dc1d8e1c870bf06e4e04aadf2f3bfe81c	
UploadFiles/xwzx/2025/8/202508261405107225.jpg	UploadFiles/xwzx/2025/8/202508261405107225.jpg	4859888	a3fbd26993f51ab3a469a2adbdb5289f9d037593d098db30b6269942d83776fc	a3fbd26993f51ab3a469a2adbdb5289f9d037593d098db30b6269942d83776fc	
UploadFiles/xwzx/2025/8/202508261405173707.jpeg	UploadFiles/xwzx/2025/8/202508261405173707.jpeg	2049694	f15857b39040d37d31f1dc41f0eada0d104ff5fbe1d6c4f160e4b58ee26117f1	f15857b39040d37d31f1dc41f0eada0d104ff5fbe1d6c4f160e4b58ee26117f1	
UploadFiles/xwzx/2025/8/202508261405266060.jpg	UploadFiles/xwzx/2025/8/202508261405266060.jpg	16151397	5d9ee25ee976a222a6603bc9c9dcd48566cb19bbf303c0d521ffe4b7f27e6e59	5d9ee25ee976a222a6603bc9c9dcd48566cb19bbf303c0d521ffe4b7f27e6e59	
UploadFiles/xwzx/2025/8/202508261405394812.jpeg	UploadFiles/xwzx/2025/8/202508261405394812.jpeg	2371062	f780c589dc9af3b6ea7f7d30eb41c57e39a27eb2bb2b9088b5c8095d67605168	f780c589dc9af3b6ea7f7d30eb41c57e39a27eb2bb2b9088b5c8095d67605168	
UploadFiles/xwzx/2025/8/202508261405397836.jpeg	UploadFiles/xwzx/2025/8/202508261405397836.jpeg	2011527	89446e583f625bd35791f5972f34003c1504b59dd9fed1604c68fafd0f385c83	89446e583f625bd35791f5972f34003c1504b59dd9fed1604c68fafd0f385c83	
UploadFiles/xwzx/2025/8/202508261405501063.jpeg	UploadFiles/xwzx/2025/8/202508261405501063.jpeg	2162628	267e64bebf12cda8d9894f10676769c535f1c02d02d1e8f2227f1d815ded1f59	267e64bebf12cda8d9894f10676769c535f1c02d02d1e8f2227f1d815ded1f59	
UploadFiles/xwzx/2025/8/202508261405590913.jpg	UploadFiles/xwzx/2025/8/202508261405590913.jpg	16672093	f6c82a2c9c534066086a6b201cf3febdbebb033db044439ab950507a7ab66b3a	f6c82a2c9c534066086a6b201cf3febdbebb033db044439ab950507a7ab66b3a	
UploadFiles/xwzx/2025/8/202508261406115471.jpg	UploadFiles/xwzx/2025/8/202508261406115471.jpg	2411363	2bfc60d2e3f4289bcdf82026389825c053b54e013528ba8a88ccb1a10fafd25a	2bfc60d2e3f4289bcdf82026389825c053b54e013528ba8a88ccb1a10fafd25a	
UploadFiles/xwzx/2025/8/202508272004040508.png	UploadFiles/xwzx/2025/8/202508272004040508.png	36214	7c663405884ef9ca661ca720d8e8627f822c0b9078a2f96096dfb0bb6a05460f	7c663405884ef9ca661ca720d8e8627f822c0b9078a2f96096dfb0bb6a05460f	
UploadFiles/xwzx/2025/8/202508272008090832.png	UploadFiles/xwzx/2025/8/202508272008090832.png	106901	73251a6f21460e0a2ca1e7fa418f3bc9e592b9e8f01ef44619d0804be7ead2b9	73251a6f21460e0a2ca1e7fa418f3bc9e592b9e8f01ef44619d0804be7ead2b9	
UploadFiles/xwzx/2025/8/202508280906092121.JPEG	UploadFiles/xwzx/2025/8/202508280906092121.jpeg	977875	8d1053ea9c60501634c3454c6cd0d214ac34afb0a93c7e3c8a8a6df416e1e6fa	8d1053ea9c60501634c3454c6cd0d214ac34afb0a93c7e3c8a8a6df416e1e6fa	
UploadFiles/xwzx/2025/8/202508291727510887.jpg	UploadFiles/xwzx/2025/8/202508291727510887.jpg	230378	610b971cad7b87d34d908646a6bc631f6eb148bdf6781024595dea133dc89732	610b971cad7b87d34d908646a6bc631f6eb148bdf6781024595dea133dc89732	
UploadFiles/xwzx/2025/8/202508291727515973.jpg	UploadFiles/xwzx/2025/8/202508291727515973.jpg	230420	dc2f0c1b8fcc495390884a272f686eb2cd6dd6cbe4a2f5ec1608470472c21c29	dc2f0c1b8fcc495390884a272f686eb2cd6dd6cbe4a2f5ec1608470472c21c29	
UploadFiles/xwzx/2025/8/202508300821038922.bmp	UploadFiles/xwzx/2025/8/202508300821038922.bmp	765010	2a39a219f9f5a2c01afca7b9ff8b5f574c00d747245afc464545fc5fcc73ccbb	2a39a219f9f5a2c01afca7b9ff8b5f574c00d747245afc464545fc5fcc73ccbb	
UploadFiles/xwzx/2025/8/202508300821358813.bmp	UploadFiles/xwzx/2025/8/202508300821358813.bmp	864402	9ef0c351aba7d1041570392e21069e54f3ac2d84525be693b35b2d81e3787784	9ef0c351aba7d1041570392e21069e54f3ac2d84525be693b35b2d81e3787784	
UploadFiles/xwzx/2025/8/202508300822232410.JPG	UploadFiles/xwzx/2025/8/202508300822232410.jpg	2449278	32f552ebbae69aec31348a9355cb086691caafd2d8518d3b5b286c7f6d909bba	32f552ebbae69aec31348a9355cb086691caafd2d8518d3b5b286c7f6d909bba	
UploadFiles/xwzx/2025/8/202508300822234495.JPG	UploadFiles/xwzx/2025/8/202508300822234495.jpg	1985677	887b00b99986229e01c957a1ccf71a3297b49f1242b07102be3c788abaefce8e	887b00b99986229e01c957a1ccf71a3297b49f1242b07102be3c788abaefce8e	
UploadFiles/xwzx/2025/8/202508300822260055.JPG	UploadFiles/xwzx/2025/8/202508300822260055.jpg	7793153	13adf16d63e6e606bc7e2a6ed5ed9d3390221444555f49e6056348351b2c30fd	13adf16d63e6e606bc7e2a6ed5ed9d3390221444555f49e6056348351b2c30fd	
UploadFiles/xwzx/2025/8/202508300822261023.JPG	UploadFiles/xwzx/2025/8/202508300822261023.jpg	9957392	3c37447643537fe99a9a52bc06cde1a8950f73310eaf1a593b95d821efc9bc4f	3c37447643537fe99a9a52bc06cde1a8950f73310eaf1a593b95d821efc9bc4f	
UploadFiles/xwzx/2025/8/202508300822262779.JPG	UploadFiles/xwzx/2025/8/202508300822262779.jpg	5749612	d3bb6b0cb7abe085c1aeed707f883aa98efbbf60d7f66bd6b96228779344953b	d3bb6b0cb7abe085c1aeed707f883aa98efbbf60d7f66bd6b96228779344953b	
UploadFiles/xwzx/2025/8/202508300822280523.JPG	UploadFiles/xwzx/2025/8/202508300822280523.jpg	1220541	23e9de0b2ac88b2e2c37cd05611da81c49ca924d5dbe7952ea68103ec7c228dd	23e9de0b2ac88b2e2c37cd05611da81c49ca924d5dbe7952ea68103ec7c228dd	
UploadFiles/xwzx/2025/8/202508300822290371.JPG	UploadFiles/xwzx/2025/8/202508300822290371.jpg	10390403	1f8612414b61c21bc8747ed1fdf5c17a2142d7eb572bdb96ab3d83ce388b3a28	1f8612414b61c21bc8747ed1fdf5c17a2142d7eb572bdb96ab3d83ce388b3a28	
UploadFiles/xwzx/2025/8/202508300822313873.JPG	UploadFiles/xwzx/2025/8/202508300822313873.jpg	11823670	217721e4fe810199434ad681c62e5a5f69bf6dc272a157b7b724f58411ad9ebe	217721e4fe810199434ad681c62e5a5f69bf6dc272a157b7b724f58411ad9ebe	
UploadFiles/xwzx/2025/8/202508300829381158.png	UploadFiles/xwzx/2025/8/202508300829381158.png	480518	9b2751df2c9f347c790a98f8896f567d00625b3272aacc3327e37c8b7091ddce	9b2751df2c9f347c790a98f8896f567d00625b3272aacc3327e37c8b7091ddce	
UploadFiles/xwzx/2025/8/202508300829385799.png	UploadFiles/xwzx/2025/8/202508300829385799.png	990281	6a3e0edc72b7072b91119ade9853ef85d7eefc7ed02479d500c391e7ea11c1d6	6a3e0edc72b7072b91119ade9853ef85d7eefc7ed02479d500c391e7ea11c1d6	
UploadFiles/xwzx/2025/8/202508300829389348.png	UploadFiles/xwzx/2025/8/202508300829389348.png	1089919	554adebed7559d4e86377780a74f2b6e41f2aba45de286f4a712638027a9a99f	554adebed7559d4e86377780a74f2b6e41f2aba45de286f4a712638027a9a99f	
UploadFiles/xwzx/2025/8/202508300829395655.png	UploadFiles/xwzx/2025/8/202508300829395655.png	3396026	322fc58174fa954d3474df5614bb8e2b858e1500b5ea31884d975715d8792ea9	322fc58174fa954d3474df5614bb8e2b858e1500b5ea31884d975715d8792ea9	
UploadFiles/xwzx/2025/8/202508300829396689.png	UploadFiles/xwzx/2025/8/202508300829396689.png	1310461	bcbb985f96de557999ac9782f471aed5d3b72618fea7f4b433a094e902c46002	bcbb985f96de557999ac9782f471aed5d3b72618fea7f4b433a094e902c46002	
UploadFiles/xwzx/2025/8/202508300829409551.png	UploadFiles/xwzx/2025/8/202508300829409551.png	1550364	b92ac00944bfe1a331b61f92b60fa532a57c9fc6ed60524b473e66543422bdce	b92ac00944bfe1a331b61f92b60fa532a57c9fc6ed60524b473e66543422bdce	
UploadFiles/xwzx/2025/8/202508300829413645.png	UploadFiles/xwzx/2025/8/202508300829413645.png	1019912	cbbb5bfa0656873d61ea2f2a431b6d4991d894502f8761f3899cb76d21417abb	cbbb5bfa0656873d61ea2f2a431b6d4991d894502f8761f3899cb76d21417abb	
UploadFiles/xwzx/2025/8/202508300829417873.png	UploadFiles/xwzx/2025/8/202508300829417873.png	1117747	f421f4bee2ab03de0bfc39f729aa97fa87f5c63d187c3fa740d9790ab741e38b	f421f4bee2ab03de0bfc39f729aa97fa87f5c63d187c3fa740d9790ab741e38b	
UploadFiles/xwzx/2025/8/202508300829418374.png	UploadFiles/xwzx/2025/8/202508300829418374.png	1269712	c899b98b6e56d9ada7f04e1db4fdac33921c7c951ecf6f6ec9e9a832182a61f3	c899b98b6e56d9ada7f04e1db4fdac33921c7c951ecf6f6ec9e9a832182a61f3	
UploadFiles/xwzx/2025/8/202508300829464499.png	UploadFiles/xwzx/2025/8/202508300829464499.png	10520222	84c71119ee775a296892aa05f75cba642c488a52ece9a212671a35ce2a5dbec1	84c71119ee775a296892aa05f75cba642c488a52ece9a212671a35ce2a5dbec1	
UploadFiles/xwzx/2025/8/202508300829476211.png	UploadFiles/xwzx/2025/8/202508300829476211.png	2690144	5ab44ccb2ffab687198fb5c4d39c26889843a516a59de555df0df7b7e2cba165	5ab44ccb2ffab687198fb5c4d39c26889843a516a59de555df0df7b7e2cba165	
UploadFiles/xwzx/2025/8/202508300829482744.png	UploadFiles/xwzx/2025/8/202508300829482744.png	10259619	4058da88f6c9db3df6fb13ed4781eac0e497b34644757743805cd13e3bfc8e97	4058da88f6c9db3df6fb13ed4781eac0e497b34644757743805cd13e3bfc8e97	
UploadFiles/xwzx/2025/8/202508300829486231.png	UploadFiles/xwzx/2025/8/202508300829486231.png	6885479	8b9e7f1c883c48351eef682cf8c841980ac4a699f49043dc2262dd01be2ed4ab	8b9e7f1c883c48351eef682cf8c841980ac4a699f49043dc2262dd01be2ed4ab	
UploadFiles/xwzx/2025/8/202508300829499285.png	UploadFiles/xwzx/2025/8/202508300829499285.png	2702092	798aaa6570c62988a502aa7ed82b767d8ae3744e65ccb1475b99e8c03b228f5c	798aaa6570c62988a502aa7ed82b767d8ae3744e65ccb1475b99e8c03b228f5c	
UploadFiles/xwzx/2025/8/202508300829506401.png	UploadFiles/xwzx/2025/8/202508300829506401.png	3826702	83f7715970b237ce1d042b021978c140cb26c316d19d121a4957e0f3101234fd	83f7715970b237ce1d042b021978c140cb26c316d19d121a4957e0f3101234fd	
UploadFiles/xwzx/2025/8/202508300829522312.png	UploadFiles/xwzx/2025/8/202508300829522312.png	3387439	717c3fef4045d6566287c48f478585f165c40c0af79609ea8bdb3b8fc5aa89c5	717c3fef4045d6566287c48f478585f165c40c0af79609ea8bdb3b8fc5aa89c5	
UploadFiles/xwzx/2025/8/202508300829526048.png	UploadFiles/xwzx/2025/8/202508300829526048.png	4126056	fbb1b18e1d1fddba65f171b907ad8335f816bf4d2acfba764c3e523048cddb05	fbb1b18e1d1fddba65f171b907ad8335f816bf4d2acfba764c3e523048cddb05	
UploadFiles/xwzx/2025/8/202508300829558450.png	UploadFiles/xwzx/2025/8/202508300829558450.png	1886466	b97322931ee1c4c6ba5ab4517103ea6865e9506c72ac77549c98a967649fdebf	b97322931ee1c4c6ba5ab4517103ea6865e9506c72ac77549c98a967649fdebf	
UploadFiles/xwzx/2025/8/202508300829576586.png	UploadFiles/xwzx/2025/8/202508300829576586.png	11528753	cdced822e6ededd47666044a62b1434cc0ed1ecf2ea6aab964eddc52643c603c	cdced822e6ededd47666044a62b1434cc0ed1ecf2ea6aab964eddc52643c603c	
UploadFiles/xwzx/2025/8/202508300830004344.png	UploadFiles/xwzx/2025/8/202508300830004344.png	5933697	119d52fa0389c7a078133a244cf41e19ea0068a32b7bae24ac1287c6b1e6960e	119d52fa0389c7a078133a244cf41e19ea0068a32b7bae24ac1287c6b1e6960e	
UploadFiles/xwzx/2025/8/202508300830042055.png	UploadFiles/xwzx/2025/8/202508300830042055.png	7413107	6d1789ce52cccb7263332c06c10b9efcfa3d8ceea80eae0b226dcaa922832e84	6d1789ce52cccb7263332c06c10b9efcfa3d8ceea80eae0b226dcaa922832e84	
UploadFiles/xwzx/2025/8/202508300830045616.png	UploadFiles/xwzx/2025/8/202508300830045616.png	9422548	9a29d5545d2eca471f0875227b7af0d60da550242fc12adefd0f29a5b2eedf6e	9a29d5545d2eca471f0875227b7af0d60da550242fc12adefd0f29a5b2eedf6e	
UploadFiles/xwzx/2025/8/202508300830054289.png	UploadFiles/xwzx/2025/8/202508300830054289.png	1726260	24d8c9dba7858f73d1c6d895e8a7fdfb1b91c9d8658ebd76c76ad514a6f4cc79	24d8c9dba7858f73d1c6d895e8a7fdfb1b91c9d8658ebd76c76ad514a6f4cc79	
UploadFiles/xwzx/2025/8/202508300830083836.png	UploadFiles/xwzx/2025/8/202508300830083836.png	3820308	d60f8abb2e11514599e414b905975ee056c1adbd4abecdb96f9e11daa1e9d08d	d60f8abb2e11514599e414b905975ee056c1adbd4abecdb96f9e11daa1e9d08d	
UploadFiles/xwzx/2025/8/202508300830098392.png	UploadFiles/xwzx/2025/8/202508300830098392.png	31046570	a636ceced2552404bba4431a75985c527aedcc80527f24439e42a865a486118b	a636ceced2552404bba4431a75985c527aedcc80527f24439e42a865a486118b	
UploadFiles/xwzx/2025/8/202508300830100127.png	UploadFiles/xwzx/2025/8/202508300830100127.png	1912522	163791e68f0bb95b74848aaaddfac100832b179c50c6d11796fd43e75165dbeb	163791e68f0bb95b74848aaaddfac100832b179c50c6d11796fd43e75165dbeb	
UploadFiles/xwzx/2025/8/202508300830122384.png	UploadFiles/xwzx/2025/8/202508300830122384.png	9956246	8136c033bd4f8e85744859827a6ddbb5d2cafaa5df34d5352e2d5fb68306ba74	8136c033bd4f8e85744859827a6ddbb5d2cafaa5df34d5352e2d5fb68306ba74	
UploadFiles/xwzx/2025/8/202508300830143212.png	UploadFiles/xwzx/2025/8/202508300830143212.png	7062348	46ca6296fb645003928442e7bc68d09d293dfd6ecbf381bc5765452082d2ca36	46ca6296fb645003928442e7bc68d09d293dfd6ecbf381bc5765452082d2ca36	
UploadFiles/xwzx/2025/8/202508300830179550.png	UploadFiles/xwzx/2025/8/202508300830179550.png	13819898	f5c8de29646dd1cec00ff3348265e0d9c3e578e573c3657c3bdcd45023691ead	f5c8de29646dd1cec00ff3348265e0d9c3e578e573c3657c3bdcd45023691ead	
UploadFiles/xwzx/2025/8/202508300830198852.png	UploadFiles/xwzx/2025/8/202508300830198852.png	4000794	28b3a00c42c98405129d4e1291bad17be8bf67abd898e7ea4a9e3818e959a800	28b3a00c42c98405129d4e1291bad17be8bf67abd898e7ea4a9e3818e959a800	
UploadFiles/xwzx/2025/8/202508300830217576.png	UploadFiles/xwzx/2025/8/202508300830217576.png	14594881	cc7ee07a0038526cc4ff58878258a8dbce2d4e9cd8c88d3b6df8db2102488db2	cc7ee07a0038526cc4ff58878258a8dbce2d4e9cd8c88d3b6df8db2102488db2	
UploadFiles/xwzx/2025/8/202508300830245577.png	UploadFiles/xwzx/2025/8/202508300830245577.png	4516796	67dd5a8b9e85b8116ab50bdfa252287ec89a6c82b6b99aab9847f6ac0eb22a06	67dd5a8b9e85b8116ab50bdfa252287ec89a6c82b6b99aab9847f6ac0eb22a06	
UploadFiles/xwzx/2025/8/202508300830302170.png	UploadFiles/xwzx/2025/8/202508300830302170.png	19666489	b3d76252618ee063777717be02557e940607e6ee0cc7a564465cb72c59bf0fee	b3d76252618ee063777717be02557e940607e6ee0cc7a564465cb72c59bf0fee	
UploadFiles/xwzx/2025/8/202508300830324244.png	UploadFiles/xwzx/2025/8/202508300830324244.png	16660435	ae858c56db8199f05ebb942aef8210378685cfa0e49b63a4135b1d5881f6c38a	ae858c56db8199f05ebb942aef8210378685cfa0e49b63a4135b1d5881f6c38a	
UploadFiles/xwzx/2025/8/202508300830383339.png	UploadFiles/xwzx/2025/8/202508300830383339.png	11883396	9865a4ee7017972c494da682e1f1626ac4ee350faa8fab984996e1e62f6a6a57	9865a4ee7017972c494da682e1f1626ac4ee350faa8fab984996e1e62f6a6a57	
UploadFiles/xwzx/2025/8/202508300830421112.png	UploadFiles/xwzx/2025/8/202508300830421112.png	13614657	c9dc48f772259a53ba3e615e00c403300afa6b38d64d724309d99c973621dcd1	c9dc48f772259a53ba3e615e00c403300afa6b38d64d724309d99c973621dcd1	
UploadFiles/xwzx/2025/8/202508300830460607.png	UploadFiles/xwzx/2025/8/202508300830460607.png	6490042	5863c3b03b3a60c74759d24958e3bb267e06b6b94751f879b512a2099fb73451	5863c3b03b3a60c74759d24958e3bb267e06b6b94751f879b512a2099fb73451	
UploadFiles/xwzx/2025/8/202508300830473280.png	UploadFiles/xwzx/2025/8/202508300830473280.png	38744633	fe9c2a2426a4f9cc9c49d6360414071928c4fc79cb02e69131ce9af7fb771a44	fe9c2a2426a4f9cc9c49d6360414071928c4fc79cb02e69131ce9af7fb771a44	
UploadFiles/xwzx/2025/8/202508300830487645.png	UploadFiles/xwzx/2025/8/202508300830487645.png	16883496	456903abdef2f423e36918580e55f267b9993960f61f51a91b66517b81345fae	456903abdef2f423e36918580e55f267b9993960f61f51a91b66517b81345fae	
UploadFiles/xwzx/2025/8/202508300830493627.png	UploadFiles/xwzx/2025/8/202508300830493627.png	3368020	51e9f2e911ebf2eb17ec473a86b8ce76844bbf13a83ad998d67b56354c8328d2	51e9f2e911ebf2eb17ec473a86b8ce76844bbf13a83ad998d67b56354c8328d2	
UploadFiles/xwzx/2025/8/202508300830505012.png	UploadFiles/xwzx/2025/8/202508300830505012.png	4442316	9186946aa31ecc03905f8327c7d96c249715eb073e89240bf48bb33f5c19cc44	9186946aa31ecc03905f8327c7d96c249715eb073e89240bf48bb33f5c19cc44	
UploadFiles/xwzx/2025/8/202508300830524077.png	UploadFiles/xwzx/2025/8/202508300830524077.png	2936857	c226635a44fc0b66826e59bf75390ff5675c545d057ffcc1bb3744a25c4393e6	c226635a44fc0b66826e59bf75390ff5675c545d057ffcc1bb3744a25c4393e6	
UploadFiles/xwzx/2025/8/202508300830541174.png	UploadFiles/xwzx/2025/8/202508300830541174.png	10952538	20fe63c0247ea28e8ff6514e8d15bf02836a09c5d25c52550df75c60e1a7eb56	20fe63c0247ea28e8ff6514e8d15bf02836a09c5d25c52550df75c60e1a7eb56	
UploadFiles/xwzx/2025/8/202508300831004605.png	UploadFiles/xwzx/2025/8/202508300831004605.png	10545607	d86b9fbc66e150552db007e8f25f5acdf1995b0361b9809a5be1a5e14919a9c0	d86b9fbc66e150552db007e8f25f5acdf1995b0361b9809a5be1a5e14919a9c0	
UploadFiles/xwzx/2025/8/202508300831033459.png	UploadFiles/xwzx/2025/8/202508300831033459.png	3364927	dcd4785c36b43cceb014eda2632b116b649db749eb5a0bf217155a9e099e30ab	dcd4785c36b43cceb014eda2632b116b649db749eb5a0bf217155a9e099e30ab	
UploadFiles/xwzx/2025/8/202508300831044949.png	UploadFiles/xwzx/2025/8/202508300831044949.png	13222607	0591f9d6179fbf4d2ab5e804f46fd2376892aa44561aaa3f9ddfa5a7682fb61f	0591f9d6179fbf4d2ab5e804f46fd2376892aa44561aaa3f9ddfa5a7682fb61f	
UploadFiles/xwzx/2025/8/202508300831053737.png	UploadFiles/xwzx/2025/8/202508300831053737.png	3052761	62f3a0de3ef6e73dcde5edb3d39107b58ed6ec7cdb80df4a87540513a37ee412	62f3a0de3ef6e73dcde5edb3d39107b58ed6ec7cdb80df4a87540513a37ee412	
UploadFiles/xwzx/2025/8/202508300831068906.png	UploadFiles/xwzx/2025/8/202508300831068906.png	3939146	9086f83586ba462a98257a7c2eb5b42d38dd63746e5784f567852b845121e42b	9086f83586ba462a98257a7c2eb5b42d38dd63746e5784f567852b845121e42b	
UploadFiles/xwzx/2025/8/202508300831071530.png	UploadFiles/xwzx/2025/8/202508300831071530.png	4652580	b0ce038d764b508e287da0fec0cf23236d2cc2de5873e23e7e43a8e703db8e77	b0ce038d764b508e287da0fec0cf23236d2cc2de5873e23e7e43a8e703db8e77	
UploadFiles/xwzx/2025/8/202508300831090970.png	UploadFiles/xwzx/2025/8/202508300831090970.png	41424573	dbc3aa9e6b65d2c90bac5e4fc8435ef219ec6caf5646e1f23e392c3450bfa120	dbc3aa9e6b65d2c90bac5e4fc8435ef219ec6caf5646e1f23e392c3450bfa120	
UploadFiles/xwzx/2025/8/202508300838114950.jpg	UploadFiles/xwzx/2025/8/202508300838114950.jpg	4188089	998650a0d5809789907c925d723fe0691e45111ee7e30a4b2f6426baca49b605	998650a0d5809789907c925d723fe0691e45111ee7e30a4b2f6426baca49b605	
UploadFiles/xwzx/2025/8/202508300838122768.jpg	UploadFiles/xwzx/2025/8/202508300838122768.jpg	2662605	6ca6aa882257eafcbd9ca0a8e9b9626230b2d90d0e19ec45db14697c5ee6334e	6ca6aa882257eafcbd9ca0a8e9b9626230b2d90d0e19ec45db14697c5ee6334e	
UploadFiles/xwzx/2025/8/202508300838125271.jpg	UploadFiles/xwzx/2025/8/202508300838125271.jpg	1422000	b9d400c9df15665e6074425967b188e5a9897a8ce37f65d6fa6cee98b7bf1550	b9d400c9df15665e6074425967b188e5a9897a8ce37f65d6fa6cee98b7bf1550	
UploadFiles/xwzx/2025/8/202508300838125614.jpg	UploadFiles/xwzx/2025/8/202508300838125614.jpg	4128248	77ed5cd2ffc36e1e4f44d723342317fe1adc7f9ff5bf9feef38883d6eee6002b	77ed5cd2ffc36e1e4f44d723342317fe1adc7f9ff5bf9feef38883d6eee6002b	
UploadFiles/xwzx/2025/8/202508300838138627.jpg	UploadFiles/xwzx/2025/8/202508300838138627.jpg	3056551	b8510bb7b87d7dc8f0adf63e274f957cde1338be5c0637befa4212ebb53f13cb	b8510bb7b87d7dc8f0adf63e274f957cde1338be5c0637befa4212ebb53f13cb	
UploadFiles/xwzx/2025/8/202508300838143888.jpg	UploadFiles/xwzx/2025/8/202508300838143888.jpg	4085141	44529a24fb531fe84eee621787c8beb7b86b811a3bd8835e0d0b6fcf6ee777e0	44529a24fb531fe84eee621787c8beb7b86b811a3bd8835e0d0b6fcf6ee777e0	
UploadFiles/xwzx/2025/8/202508300838155413.jpg	UploadFiles/xwzx/2025/8/202508300838155413.jpg	2890329	0cae6fd1a3a9b9c6d6b04e2490a112bebfbc279736e1b75b7d48df32e2ac88d1	0cae6fd1a3a9b9c6d6b04e2490a112bebfbc279736e1b75b7d48df32e2ac88d1	
UploadFiles/xwzx/2025/8/202508300839123772.jpg	UploadFiles/xwzx/2025/8/202508300839123772.jpg	2165583	c34293605c2a595a825ef28cb89e2d659e79816b075ef363a35f8d95e0227337	c34293605c2a595a825ef28cb89e2d659e79816b075ef363a35f8d95e0227337	
UploadFiles/xwzx/2025/8/202508300839134254.jpg	UploadFiles/xwzx/2025/8/202508300839134254.jpg	1706796	ffac0888a29f228a417891ec7d0f3895e0d4c0e36f749fae91d8033045b66595	ffac0888a29f228a417891ec7d0f3895e0d4c0e36f749fae91d8033045b66595	
UploadFiles/xwzx/2025/8/202508300839140705.jpg	UploadFiles/xwzx/2025/8/202508300839140705.jpg	1963050	d4e079a3eac6efe83763fe55a76079d70360aeb0568dc53b65f581dbd101ef6a	d4e079a3eac6efe83763fe55a76079d70360aeb0568dc53b65f581dbd101ef6a	
UploadFiles/xwzx/2025/8/202508300839143235.jpg	UploadFiles/xwzx/2025/8/202508300839143235.jpg	1726888	d9831f54bfb3f834a346d9c598d66e7a4b0ae8fbe7f82e37e74a8027bde65b9f	d9831f54bfb3f834a346d9c598d66e7a4b0ae8fbe7f82e37e74a8027bde65b9f	
UploadFiles/xwzx/2025/8/202508300839149801.jpg	UploadFiles/xwzx/2025/8/202508300839149801.jpg	2150807	63fa862227b4b858afb748595f0b27bad207e6196028c3f1413d025a983b155c	63fa862227b4b858afb748595f0b27bad207e6196028c3f1413d025a983b155c	
UploadFiles/xwzx/2025/8/202508300839166763.jpg	UploadFiles/xwzx/2025/8/202508300839166763.jpg	1613650	89c16684f168ae383f3ecbf1ae6fb1069f9a10adf6a168dda04d14f3459a6c28	89c16684f168ae383f3ecbf1ae6fb1069f9a10adf6a168dda04d14f3459a6c28	
UploadFiles/xwzx/2025/8/202508300839177266.jpg	UploadFiles/xwzx/2025/8/202508300839177266.jpg	956924	9529546e00c034cba687e75c162bef3a9233f158cc7f24baefd301dcae56017b	9529546e00c034cba687e75c162bef3a9233f158cc7f24baefd301dcae56017b	
UploadFiles/xwzx/2025/8/202508300839180748.jpg	UploadFiles/xwzx/2025/8/202508300839180748.jpg	1610081	2b78498c5ac13be59fa788242cd32959295ec535d934c9b5cdef6d88646950f6	2b78498c5ac13be59fa788242cd32959295ec535d934c9b5cdef6d88646950f6	
UploadFiles/xwzx/2025/8/202508300839196358.jpg	UploadFiles/xwzx/2025/8/202508300839196358.jpg	1540059	b0237dd332381585da0b6754c2ed34a19553780674a45d357f71f7e0e061b0b2	b0237dd332381585da0b6754c2ed34a19553780674a45d357f71f7e0e061b0b2	
UploadFiles/xwzx/2025/8/202508300839214463.jpg	UploadFiles/xwzx/2025/8/202508300839214463.jpg	4183587	88e1b50e648059049ce934b70463e176182f481eae5c796bb50ce93ae8a0fbef	88e1b50e648059049ce934b70463e176182f481eae5c796bb50ce93ae8a0fbef	
UploadFiles/xwzx/2025/8/202508300839231705.jpg	UploadFiles/xwzx/2025/8/202508300839231705.jpg	4842825	b17ac05ce409489f90eba9753fa7bf464f2fdde72e60e8a81e8e9cb7e17c00e2	b17ac05ce409489f90eba9753fa7bf464f2fdde72e60e8a81e8e9cb7e17c00e2	
UploadFiles/xwzx/2025/8/202508300843264373.jpg	UploadFiles/xwzx/2025/8/202508300843264373.jpg	4714876	8f61bcaa0e76de9ef19764cf209fc02ccd270e4cea1205daa949c3e20e65feb5	8f61bcaa0e76de9ef19764cf209fc02ccd270e4cea1205daa949c3e20e65feb5	
UploadFiles/xwzx/2025/8/202508300843288537.jpg	UploadFiles/xwzx/2025/8/202508300843288537.jpg	5587482	046f0ec4e2794ded1a7f59d9eda74b400a2de5a933c53eecaab7a9cbd37167ff	046f0ec4e2794ded1a7f59d9eda74b400a2de5a933c53eecaab7a9cbd37167ff	
UploadFiles/xwzx/2025/8/202508300843295309.jpg	UploadFiles/xwzx/2025/8/202508300843295309.jpg	4741055	7eaa10e6cff23a10c6f7a02324afd9249734e0a3d2d20589e1bb0a53348670b9	7eaa10e6cff23a10c6f7a02324afd9249734e0a3d2d20589e1bb0a53348670b9	
UploadFiles/xwzx/2025/8/202508300843296764.jpg	UploadFiles/xwzx/2025/8/202508300843296764.jpg	4299515	342d704e5b40f9db70fe2f8180e5f8fe14e49d0a68cdd9d9da03f8fa5c6b57ee	342d704e5b40f9db70fe2f8180e5f8fe14e49d0a68cdd9d9da03f8fa5c6b57ee	
UploadFiles/xwzx/2025/8/202508300843304706.jpg	UploadFiles/xwzx/2025/8/202508300843304706.jpg	4525374	0090c3ed8b83c211d46d558f40f0fc266613fa64b449fb7e9e01cc7b7216dbe6	0090c3ed8b83c211d46d558f40f0fc266613fa64b449fb7e9e01cc7b7216dbe6	
UploadFiles/xwzx/2025/8/202508300843322174.jpg	UploadFiles/xwzx/2025/8/202508300843322174.jpg	4812002	d4d37bcea6e3ab9b594d278db4e39413479233be9b92cc47e7997c691ef4b14b	d4d37bcea6e3ab9b594d278db4e39413479233be9b92cc47e7997c691ef4b14b	
UploadFiles/xwzx/2025/8/202508300843330222.jpg	UploadFiles/xwzx/2025/8/202508300843330222.jpg	4876593	2474de8e5003c4fcedd6cc1dc6087c1936f0f5ce2a1ce8bea40df16106949594	2474de8e5003c4fcedd6cc1dc6087c1936f0f5ce2a1ce8bea40df16106949594	
UploadFiles/xwzx/2025/8/202508300843349186.jpg	UploadFiles/xwzx/2025/8/202508300843349186.jpg	5411358	7f81f7500df7bc5a5821503cd63cff99c9c154db8bafc1b0ed46b4cf5c9bc761	7f81f7500df7bc5a5821503cd63cff99c9c154db8bafc1b0ed46b4cf5c9bc761	
UploadFiles/xwzx/2025/8/202508300843360351.jpg	UploadFiles/xwzx/2025/8/202508300843360351.jpg	4901345	fa497ef30e7abb0f4c0bfd9dfc1f3caca1e61aaf7059d8456642ab66556df667	fa497ef30e7abb0f4c0bfd9dfc1f3caca1e61aaf7059d8456642ab66556df667	
UploadFiles/xwzx/2025/8/202508300843361422.jpg	UploadFiles/xwzx/2025/8/202508300843361422.jpg	5497455	817f9a4adffe50db3e44b7df5b1aa2ca8a87942da455aa43a15971fc6f5f642d	817f9a4adffe50db3e44b7df5b1aa2ca8a87942da455aa43a15971fc6f5f642d	
UploadFiles/xwzx/2025/8/202508300843377264.jpg	UploadFiles/xwzx/2025/8/202508300843377264.jpg	4886209	e835a5c0017c1635a12cda3157c33079b7a0c2e53651ba439148bdf78f3fc69f	e835a5c0017c1635a12cda3157c33079b7a0c2e53651ba439148bdf78f3fc69f	
UploadFiles/xwzx/2025/8/202508300843397666.jpg	UploadFiles/xwzx/2025/8/202508300843397666.jpg	4601567	02e9e3f58dfae409dafc7f7a8a6580f406bd88d0cc57ae9533684f9ae2ee49ba	02e9e3f58dfae409dafc7f7a8a6580f406bd88d0cc57ae9533684f9ae2ee49ba	
UploadFiles/xwzx/2025/8/202508300843401386.jpg	UploadFiles/xwzx/2025/8/202508300843401386.jpg	4419552	d268bb30435976476d321e6bddc2e251f8af6178410a5533d54a0d81f31eed00	d268bb30435976476d321e6bddc2e251f8af6178410a5533d54a0d81f31eed00	
UploadFiles/xwzx/2025/8/202508300843410243.jpg	UploadFiles/xwzx/2025/8/202508300843410243.jpg	4881080	8ae0285ffbfb357b49127e83b4d8c79fe3996bf78737d768b4f8860f26c9e658	8ae0285ffbfb357b49127e83b4d8c79fe3996bf78737d768b4f8860f26c9e658	
UploadFiles/xwzx/2025/8/202508300843426226.jpg	UploadFiles/xwzx/2025/8/202508300843426226.jpg	4195763	062f6f38b45ab0cadf09a71c58ba16711e2895640254c1dbd8763c045103a2aa	062f6f38b45ab0cadf09a71c58ba16711e2895640254c1dbd8763c045103a2aa	
UploadFiles/xwzx/2025/8/202508300843442083.jpg	UploadFiles/xwzx/2025/8/202508300843442083.jpg	4500448	a48be1021d834800c6204ae75b040bc3f427aee2a8fae7ad5d3b63b5508ee599	a48be1021d834800c6204ae75b040bc3f427aee2a8fae7ad5d3b63b5508ee599	
UploadFiles/xwzx/2025/8/202508300843444472.jpg	UploadFiles/xwzx/2025/8/202508300843444472.jpg	4633754	710e9898483f6b4d747316f4804f3fc40342ca65ca333d1a3f57d6c01480232d	710e9898483f6b4d747316f4804f3fc40342ca65ca333d1a3f57d6c01480232d	
UploadFiles/xwzx/2025/8/202508300843455331.jpg	UploadFiles/xwzx/2025/8/202508300843455331.jpg	3420389	237ec46af517249afaf5a4a238b41f051eda9b6d2c744809088c9155e76e44cc	237ec46af517249afaf5a4a238b41f051eda9b6d2c744809088c9155e76e44cc	
UploadFiles/xwzx/2025/8/202508300843462899.JPG	UploadFiles/xwzx/2025/8/202508300843462899.jpg	8051282	f4bb9ed020a95d79440fc5acd90dc60032417358f3ea6345f7bde866d6697ea7	f4bb9ed020a95d79440fc5acd90dc60032417358f3ea6345f7bde866d6697ea7	
UploadFiles/xwzx/2025/8/202508300846234273.jpeg	UploadFiles/xwzx/2025/8/202508300846234273.jpeg	2493541	8e1eedf5a08ae5270da30e811ef192a970d31741b746ec9c62a090b13e6248e6	8e1eedf5a08ae5270da30e811ef192a970d31741b746ec9c62a090b13e6248e6	
UploadFiles/xwzx/2025/8/202508300846245516.jpg	UploadFiles/xwzx/2025/8/202508300846245516.jpg	2119582	eb8f756561f844287030351c55d7869901c9ac27c994d6f74d328f2cde146b63	eb8f756561f844287030351c55d7869901c9ac27c994d6f74d328f2cde146b63	
UploadFiles/xwzx/2025/8/202508300846253269.jpeg	UploadFiles/xwzx/2025/8/202508300846253269.jpeg	1869605	163dedbb66513c38f4be85a6f688526997ba44c25efea1e9bcbe78e3a29759da	163dedbb66513c38f4be85a6f688526997ba44c25efea1e9bcbe78e3a29759da	
UploadFiles/xwzx/2025/8/202508300846259967.jpg	UploadFiles/xwzx/2025/8/202508300846259967.jpg	4053170	a3e6bc9f7575aae34f717f2cadaff00c8249df9942c99a34432f1e835894be3d	a3e6bc9f7575aae34f717f2cadaff00c8249df9942c99a34432f1e835894be3d	
UploadFiles/xwzx/2025/8/202508300846260986.jpg	UploadFiles/xwzx/2025/8/202508300846260986.jpg	2533995	3390a837f765c57f1ade900019e6ad145527b1ed882ff223b1164c3509de15ac	3390a837f765c57f1ade900019e6ad145527b1ed882ff223b1164c3509de15ac	
UploadFiles/xwzx/2025/8/202508300846263202.JPG	UploadFiles/xwzx/2025/8/202508300846263202.jpg	2923126	decb1bac49be689c6ecc143364e2cd19b13b7c44ac0ed0ccef43e5ea2e710714	decb1bac49be689c6ecc143364e2cd19b13b7c44ac0ed0ccef43e5ea2e710714	
UploadFiles/xwzx/2025/8/202508300846289417.jpeg	UploadFiles/xwzx/2025/8/202508300846289417.jpeg	3460779	8e039460dad88059c5a1124143d57ed6cf47b330d052375eb97ec9f9996ea7c0	8e039460dad88059c5a1124143d57ed6cf47b330d052375eb97ec9f9996ea7c0	
UploadFiles/xwzx/2025/8/202508300846289741.jpg	UploadFiles/xwzx/2025/8/202508300846289741.jpg	5839379	e2724230585b489a74bf7510d9f9cf7bc02ac9bd1fe1fdc889d25bdd47d4bb58	e2724230585b489a74bf7510d9f9cf7bc02ac9bd1fe1fdc889d25bdd47d4bb58	
UploadFiles/xwzx/2025/8/202508300846293483.jpg	UploadFiles/xwzx/2025/8/202508300846293483.jpg	3941414	917903bf40f3f6042825a1f07f8c7e3f3b3ccdfff92872f9c564b65669bf6921	917903bf40f3f6042825a1f07f8c7e3f3b3ccdfff92872f9c564b65669bf6921	
UploadFiles/xwzx/2025/8/202508300846305816.jpeg	UploadFiles/xwzx/2025/8/202508300846305816.jpeg	2488510	0085df35ffc72ed527efbf3b41acdb1e0a14b1308c1d8e970feb089042fc9d74	0085df35ffc72ed527efbf3b41acdb1e0a14b1308c1d8e970feb089042fc9d74	
UploadFiles/xwzx/2025/8/202508300846317836.JPG	UploadFiles/xwzx/2025/8/202508300846317836.jpg	2305171	1f7901e612def6226f910b96870e6d5b273fcb5363f07313899fdad54cdfc744	1f7901e612def6226f910b96870e6d5b273fcb5363f07313899fdad54cdfc744	
UploadFiles/xwzx/2025/8/202508300846318201.JPG	UploadFiles/xwzx/2025/8/202508300846318201.jpg	4619039	b5c861aea347a823e64c81443b56049faa2d66af3bcd32ff782f95711941db66	b5c861aea347a823e64c81443b56049faa2d66af3bcd32ff782f95711941db66	
UploadFiles/xwzx/2025/8/202508300846337512.jpeg	UploadFiles/xwzx/2025/8/202508300846337512.jpeg	4316564	b371875f40ef174d0b411dc9f23c14afabdce2f8ed9c3d6a510993d3468cf087	b371875f40ef174d0b411dc9f23c14afabdce2f8ed9c3d6a510993d3468cf087	
UploadFiles/xwzx/2025/8/202508300846342440.jpg	UploadFiles/xwzx/2025/8/202508300846342440.jpg	3054301	535a2682396b80b4b5e25273890486e9864103851487a576d81933745d2a5cd9	535a2682396b80b4b5e25273890486e9864103851487a576d81933745d2a5cd9	
UploadFiles/xwzx/2025/8/202508300846349251.JPG	UploadFiles/xwzx/2025/8/202508300846349251.jpg	3683559	317949ed82115d5b451387d8b56a5eac735c7c61ce0bf69b9569c4e79da75b48	317949ed82115d5b451387d8b56a5eac735c7c61ce0bf69b9569c4e79da75b48	
UploadFiles/xwzx/2025/8/202508300846354366.JPG	UploadFiles/xwzx/2025/8/202508300846354366.jpg	4363922	ddc54b427833e5f33982dd98f00d3feedcc910bebc8bfe9826ffb2797136c2ed	ddc54b427833e5f33982dd98f00d3feedcc910bebc8bfe9826ffb2797136c2ed	
UploadFiles/xwzx/2025/8/202508300846358554.jpg	UploadFiles/xwzx/2025/8/202508300846358554.jpg	4874286	91f7418e6f08023b4ce783e9797230032843d9640c67420b03f0434f08a54c7b	91f7418e6f08023b4ce783e9797230032843d9640c67420b03f0434f08a54c7b	
UploadFiles/xwzx/2025/8/202508300850061177.jpg	UploadFiles/xwzx/2025/8/202508300850061177.jpg	6142904	1296e798700e943d12c3429af1e63894b7e799dadb108369ce49236cc72f006c	1296e798700e943d12c3429af1e63894b7e799dadb108369ce49236cc72f006c	
UploadFiles/xwzx/2025/8/202508300850080258.jpg	UploadFiles/xwzx/2025/8/202508300850080258.jpg	6738181	417eb0edd43f6c623ef97fcf2f33244c825cfac582517d4c8f9d9bcf8518bfb0	417eb0edd43f6c623ef97fcf2f33244c825cfac582517d4c8f9d9bcf8518bfb0	
UploadFiles/xwzx/2025/8/202508300850085272.jpg	UploadFiles/xwzx/2025/8/202508300850085272.jpg	6412121	5ea9b1f829b540dbf046b905ccbe277f6e0fcee58516c74a1f847d19765f532b	5ea9b1f829b540dbf046b905ccbe277f6e0fcee58516c74a1f847d19765f532b	
UploadFiles/xwzx/2025/8/202508300850108606.jpg	UploadFiles/xwzx/2025/8/202508300850108606.jpg	6085735	504364a3d744d52a5a1b32400a0816c1ba0ba464c7905cbdb7e13017516607ff	504364a3d744d52a5a1b32400a0816c1ba0ba464c7905cbdb7e13017516607ff	
UploadFiles/xwzx/2025/8/202508300850116354.jpg	UploadFiles/xwzx/2025/8/202508300850116354.jpg	6044974	7343f8650a4bc8f065ec17ef17760944787d963c133f2ad1a032ced0e026fef9	7343f8650a4bc8f065ec17ef17760944787d963c133f2ad1a032ced0e026fef9	
UploadFiles/xwzx/2025/8/202508300850138710.jpg	UploadFiles/xwzx/2025/8/202508300850138710.jpg	5380602	63eb372d0f6cb3d0e0649e76e2b2d4f79b3aabe6d3102df20c9f4ec62938352e	63eb372d0f6cb3d0e0649e76e2b2d4f79b3aabe6d3102df20c9f4ec62938352e	
UploadFiles/xwzx/2025/8/202508300850140122.jpg	UploadFiles/xwzx/2025/8/202508300850140122.jpg	6056878	ea98fe3b2b8e3c96f5c393ed9ca629ad0e868fa34134f828783e2e5641a49312	ea98fe3b2b8e3c96f5c393ed9ca629ad0e868fa34134f828783e2e5641a49312	
UploadFiles/xwzx/2025/8/202508300850163331.jpg	UploadFiles/xwzx/2025/8/202508300850163331.jpg	6250237	00c538b3844f18e9b75391501a29ca9e2955653fb42deff3e3f36d1a41b171dd	00c538b3844f18e9b75391501a29ca9e2955653fb42deff3e3f36d1a41b171dd	
UploadFiles/xwzx/2025/8/202508300850163587.jpg	UploadFiles/xwzx/2025/8/202508300850163587.jpg	5944276	30f980f6833fc8c38e0173d2244cce0747f113aa7233a87741e4fbc4ee2d62af	30f980f6833fc8c38e0173d2244cce0747f113aa7233a87741e4fbc4ee2d62af	
UploadFiles/xwzx/2025/8/202508300850192772.jpg	UploadFiles/xwzx/2025/8/202508300850192772.jpg	6017799	88762b3129e25b33c936838ee4831f305d442ce14783712f7e75ad9c361f3af9	88762b3129e25b33c936838ee4831f305d442ce14783712f7e75ad9c361f3af9	
UploadFiles/xwzx/2025/8/202508300850208087.jpg	UploadFiles/xwzx/2025/8/202508300850208087.jpg	6210935	2433f7e453bf75d7ac2202c42e188ccdc85c889fdab199ab5752b64562b8e436	2433f7e453bf75d7ac2202c42e188ccdc85c889fdab199ab5752b64562b8e436	
UploadFiles/xwzx/2025/8/202508300850212400.jpg	UploadFiles/xwzx/2025/8/202508300850212400.jpg	6509165	b246b68830a2544d40d1a8e4d190d0a26bbf6c9e24a7a3c44f9d363e9b391371	b246b68830a2544d40d1a8e4d190d0a26bbf6c9e24a7a3c44f9d363e9b391371	
UploadFiles/xwzx/2025/8/202508300850216626.jpg	UploadFiles/xwzx/2025/8/202508300850216626.jpg	6362951	f0f5792b8e7f12114c4771c8d2e490f521611cf088f0c88a27ecc5c0e66da89a	f0f5792b8e7f12114c4771c8d2e490f521611cf088f0c88a27ecc5c0e66da89a	
UploadFiles/xwzx/2025/8/202508300850250669.jpg	UploadFiles/xwzx/2025/8/202508300850250669.jpg	6229659	28332dea6e75ce7efabb2d966f28f04d823eb85dd59083c06d2987303da26b8c	28332dea6e75ce7efabb2d966f28f04d823eb85dd59083c06d2987303da26b8c	
UploadFiles/xwzx/2025/8/202508300850259044.jpg	UploadFiles/xwzx/2025/8/202508300850259044.jpg	6114526	9f93a7c5d2c65f85843023be0cc0fb3e759e94576fb3f44ec3bfe25f6430c9dc	9f93a7c5d2c65f85843023be0cc0fb3e759e94576fb3f44ec3bfe25f6430c9dc	
UploadFiles/xwzx/2025/8/202508300850260259.jpg	UploadFiles/xwzx/2025/8/202508300850260259.jpg	6399044	fc2d49f67cb4c2bc2c7df2ccb79b3b2bd6bfb59e5f3e05c950a756ade1218fe6	fc2d49f67cb4c2bc2c7df2ccb79b3b2bd6bfb59e5f3e05c950a756ade1218fe6	
UploadFiles/xwzx/2025/8/202508300850292838.jpg	UploadFiles/xwzx/2025/8/202508300850292838.jpg	5186215	5ad34ba2be1a1de72d827dafe5f24a79ed1855b33a9159046d924634e279faee	5ad34ba2be1a1de72d827dafe5f24a79ed1855b33a9159046d924634e279faee	
UploadFiles/xwzx/2025/8/202508300850293994.jpg	UploadFiles/xwzx/2025/8/202508300850293994.jpg	6417423	cd9fcd2c71b0a10bebe2b66825e7c7965950f9fa9565c4a189458b51c3e80d22	cd9fcd2c71b0a10bebe2b66825e7c7965950f9fa9565c4a189458b51c3e80d22	
UploadFiles/xwzx/2025/8/202508300850306357.jpg	UploadFiles/xwzx/2025/8/202508300850306357.jpg	6138266	502aaf3865a73e0f9955d44cb6c57419375c239fc5e61f978504dddf5f33f3e2	502aaf3865a73e0f9955d44cb6c57419375c239fc5e61f978504dddf5f33f3e2	
UploadFiles/xwzx/2025/8/202508300850318434.jpg	UploadFiles/xwzx/2025/8/202508300850318434.jpg	6151326	867994d1e8e925e5803dc8013302f3131fa7d871060815910d031d8064d84f8d	867994d1e8e925e5803dc8013302f3131fa7d871060815910d031d8064d84f8d	
UploadFiles/xwzx/2025/8/202508300850328509.jpg	UploadFiles/xwzx/2025/8/202508300850328509.jpg	5958906	3ec9365c2a718c2e9ee2c6d7444b451bb728e8ac397b9143f7aabbf2e16239d7	3ec9365c2a718c2e9ee2c6d7444b451bb728e8ac397b9143f7aabbf2e16239d7	
UploadFiles/xwzx/2025/9/202509010825335150.jpg	UploadFiles/xwzx/2025/9/202509010825335150.jpg	0	e3b0c44298fc1c149afbf4c8996fb92427ae41e4649b934ca495991b7852b855	e3b0c44298fc1c149afbf4c8996fb92427ae41e4649b934ca495991b7852b855	
UploadFiles/xwzx/2025/9/202509010825335453.jpg	UploadFiles/xwzx/2025/9/202509010825335453.jpg	9449172	5c9494286a25d458bbcd99738306bdefa241db3017de3a75931dc2e857b4310d	5c9494286a25d458bbcd99738306bdefa241db3017de3a75931dc2e857b4310d	
UploadFiles/xwzx/2025/9/202509010825336463.jpg	UploadFiles/xwzx/2025/9/202509010825336463.jpg	9330856	10a455d3f6cac375d63589da7a3da24bdba5fd0da5695913b293541bda36b7c6	10a455d3f6cac375d63589da7a3da24bdba5fd0da5695913b293541bda36b7c6	
UploadFiles/xwzx/2025/9/202509010825352153.jpg	UploadFiles/xwzx/2025/9/202509010825352153.jpg	9485535	c50fccc25e5b1d827c86a7959465d32aa13689f76eed6384502af09ec31b12c7	c50fccc25e5b1d827c86a7959465d32aa13689f76eed6384502af09ec31b12c7	
UploadFiles/xwzx/2025/9/202509010825374328.jpg	UploadFiles/xwzx/2025/9/202509010825374328.jpg	8276389	4ef285a5aada5808e49cb14484867b47c2d5b4c63acd348f3c3d891e13fc1740	4ef285a5aada5808e49cb14484867b47c2d5b4c63acd348f3c3d891e13fc1740	
UploadFiles/xwzx/2025/9/202509010825391316.jpg	UploadFiles/xwzx/2025/9/202509010825391316.jpg	8496002	49af423855e6f046b5fbabf3b4d1f5dfb4e065b9a3934077a0f5299e744a2368	49af423855e6f046b5fbabf3b4d1f5dfb4e065b9a3934077a0f5299e744a2368	
UploadFiles/xwzx/2025/9/202509010825397602.jpg	UploadFiles/xwzx/2025/9/202509010825397602.jpg	8326239	6bf863045cb4744a41d055991058aa23c13cb7c2ac322399604432062c054ade	6bf863045cb4744a41d055991058aa23c13cb7c2ac322399604432062c054ade	
UploadFiles/xwzx/2025/9/202509010825410532.jpg	UploadFiles/xwzx/2025/9/202509010825410532.jpg	8603838	a2a8633d6d6a24242aa1ec5438e03142204a1be23d314f4365ab4d6a0ab838fe	a2a8633d6d6a24242aa1ec5438e03142204a1be23d314f4365ab4d6a0ab838fe	
UploadFiles/xwzx/2025/9/202509010825435938.jpg	UploadFiles/xwzx/2025/9/202509010825435938.jpg	8225419	95183cf910e6f9e9ca6c68a9ec590a3ca25b436067380ea2970f3be12b5b4a13	95183cf910e6f9e9ca6c68a9ec590a3ca25b436067380ea2970f3be12b5b4a13	
UploadFiles/xwzx/2025/9/202509010825455325.jpg	UploadFiles/xwzx/2025/9/202509010825455325.jpg	8835578	6db04d2b85e3a2bded5da7efaeeea32f6555009284f617e91bf0eb45ccba7f55	6db04d2b85e3a2bded5da7efaeeea32f6555009284f617e91bf0eb45ccba7f55	
UploadFiles/xwzx/2025/9/202509010825473260.jpg	UploadFiles/xwzx/2025/9/202509010825473260.jpg	8810137	3062575c91a91596bfcfd9e78d464698fa23949bc40a8efde7de36ddf5f1b1f7	3062575c91a91596bfcfd9e78d464698fa23949bc40a8efde7de36ddf5f1b1f7	
UploadFiles/xwzx/2025/9/202509010825503661.jpg	UploadFiles/xwzx/2025/9/202509010825503661.jpg	8248232	953c2975d20348edeb79f0ac90fd37a345da8448ac8ca39300591eecdba3f114	953c2975d20348edeb79f0ac90fd37a345da8448ac8ca39300591eecdba3f114	
UploadFiles/xwzx/2025/9/202509010825505200.jpg	UploadFiles/xwzx/2025/9/202509010825505200.jpg	9375892	5faea8c2e4229168d5ba4bc8a9a8a3eef25ce13d4d74af0258bab8fb182349d9	5faea8c2e4229168d5ba4bc8a9a8a3eef25ce13d4d74af0258bab8fb182349d9	
UploadFiles/xwzx/2025/9/202509010825528163.jpg	UploadFiles/xwzx/2025/9/202509010825528163.jpg	9360268	5a4cfb4b7d8aad8db94748c8726801dc63ddf92b8f3295117d280780ad114f5e	5a4cfb4b7d8aad8db94748c8726801dc63ddf92b8f3295117d280780ad114f5e	
UploadFiles/xwzx/2025/9/202509010825533068.jpg	UploadFiles/xwzx/2025/9/202509010825533068.jpg	9563099	ef72e79d4883ab06aac0f595a4a7321bcdab2eb337eadf065a2d5fef7253f721	ef72e79d4883ab06aac0f595a4a7321bcdab2eb337eadf065a2d5fef7253f721	
UploadFiles/xwzx/2025/9/202509010825573239.jpg	UploadFiles/xwzx/2025/9/202509010825573239.jpg	9508007	bcd06bed1609c7b52ed9cde3fe64198c34d61e2a684983209cd09e7a0d1631ec	bcd06bed1609c7b52ed9cde3fe64198c34d61e2a684983209cd09e7a0d1631ec	
UploadFiles/xwzx/2025/9/202509010825578243.jpg	UploadFiles/xwzx/2025/9/202509010825578243.jpg	10652032	2912e91866e23d47d7289e39759b3d0ff51ea4375f05306ef25567bd1ed707b6	2912e91866e23d47d7289e39759b3d0ff51ea4375f05306ef25567bd1ed707b6	
UploadFiles/xwzx/2025/9/202509010826011759.jpg	UploadFiles/xwzx/2025/9/202509010826011759.jpg	10308589	643a98136a5b1ac7d984a5b4c275dec36e890394a49febd525a414a97cca1153	643a98136a5b1ac7d984a5b4c275dec36e890394a49febd525a414a97cca1153	
UploadFiles/xwzx/2025/9/202509010826018780.jpg	UploadFiles/xwzx/2025/9/202509010826018780.jpg	10615988	248ddf4104595a681f26a309d986af0661224c4809215400530bae8d0dca483e	248ddf4104595a681f26a309d986af0661224c4809215400530bae8d0dca483e	
UploadFiles/xwzx/2025/9/202509010826026015.jpg	UploadFiles/xwzx/2025/9/202509010826026015.jpg	9949170	07382f6c689740ae44a511584a6a1425c487b98cc09dbf648bf404ef3cd49fbc	07382f6c689740ae44a511584a6a1425c487b98cc09dbf648bf404ef3cd49fbc	
UploadFiles/xwzx/2025/9/202509010826065093.jpg	UploadFiles/xwzx/2025/9/202509010826065093.jpg	10105078	35a1b8e5fc7f63db251b091461c7e26206a48c9bf0c8dc98a3aaf912e23395e4	35a1b8e5fc7f63db251b091461c7e26206a48c9bf0c8dc98a3aaf912e23395e4	
UploadFiles/xwzx/2025/9/202509010826083945.jpg	UploadFiles/xwzx/2025/9/202509010826083945.jpg	10039866	319879c8ac11b327b54d69e0920062ece83934d4716285164c591a9958271ce3	319879c8ac11b327b54d69e0920062ece83934d4716285164c591a9958271ce3	
UploadFiles/xwzx/2025/9/202509010826089144.jpg	UploadFiles/xwzx/2025/9/202509010826089144.jpg	9004381	c85b4082fd8cc6453fb3192841c420b49633772d5e7e92cc8501e8f44efc87e6	c85b4082fd8cc6453fb3192841c420b49633772d5e7e92cc8501e8f44efc87e6	
UploadFiles/xwzx/2025/9/202509010826097311.jpg	UploadFiles/xwzx/2025/9/202509010826097311.jpg	8321794	fdb05ad85bebfc2f1c2ddecd8db3a176eb0ec87af91b7309a5d11410d4ed91bf	fdb05ad85bebfc2f1c2ddecd8db3a176eb0ec87af91b7309a5d11410d4ed91bf	
UploadFiles/xwzx/2025/9/202509010826117725.jpg	UploadFiles/xwzx/2025/9/202509010826117725.jpg	4920029	db53df0ebdf9e720b819b909db8f1aa52fbd31e652b863cb43b2080e76307257	db53df0ebdf9e720b819b909db8f1aa52fbd31e652b863cb43b2080e76307257	
UploadFiles/xwzx/2025/9/202509010826118622.jpg	UploadFiles/xwzx/2025/9/202509010826118622.jpg	3997997	19e280119c5f100c09ea44434a041c620e5c3648d18b5c4885cc3370c02ec955	19e280119c5f100c09ea44434a041c620e5c3648d18b5c4885cc3370c02ec955	
UploadFiles/xwzx/2025/9/202509010826127590.jpg	UploadFiles/xwzx/2025/9/202509010826127590.jpg	8723616	867955e82d161b82ef7047b3bc78ee8a3ed3d11cfea6ad4259858b30eac3d75d	867955e82d161b82ef7047b3bc78ee8a3ed3d11cfea6ad4259858b30eac3d75d	
UploadFiles/xwzx/2025/9/202509010826146662.jpg	UploadFiles/xwzx/2025/9/202509010826146662.jpg	7472028	795920dbded629fd8b8071f19fe5e78967ba71919852d2e98abb7e5589b858bc	795920dbded629fd8b8071f19fe5e78967ba71919852d2e98abb7e5589b858bc	
UploadFiles/xwzx/2025/9/202509010826159033.jpg	UploadFiles/xwzx/2025/9/202509010826159033.jpg	9557790	110b14aa8392dd1b5c8f20f79db081daf88789357415b90c34610542580f4a9f	110b14aa8392dd1b5c8f20f79db081daf88789357415b90c34610542580f4a9f	
UploadFiles/xwzx/2025/9/202509010829042906.jpg	UploadFiles/xwzx/2025/9/202509010829042906.jpg	6766183	ec7f7057ea9b12f10c7439039c87b97ea4859bc1ebc5e808bac9d396d731893c	ec7f7057ea9b12f10c7439039c87b97ea4859bc1ebc5e808bac9d396d731893c	
UploadFiles/xwzx/2025/9/202509010829048098.jpg	UploadFiles/xwzx/2025/9/202509010829048098.jpg	2890866	9e56d0322bfcf912ed637dfcb9583d69032c689336cfb4408ae194c34461299d	9e56d0322bfcf912ed637dfcb9583d69032c689336cfb4408ae194c34461299d	
UploadFiles/xwzx/2025/9/202509010829183338.jpg	UploadFiles/xwzx/2025/9/202509010829183338.jpg	238482	c2be1f4b865d9717afec98cb22f4f654819799dd71579d79d73aa1fcaa0cf95e	c2be1f4b865d9717afec98cb22f4f654819799dd71579d79d73aa1fcaa0cf95e	
UploadFiles/xwzx/2025/9/202509010829185300.jpg	UploadFiles/xwzx/2025/9/202509010829185300.jpg	136703	4ede46986ca296194d5c76ea65c208d783fcef5b1cce95131501b86ee171b3d2	4ede46986ca296194d5c76ea65c208d783fcef5b1cce95131501b86ee171b3d2	
UploadFiles/xwzx/2025/9/202509010829187354.jpg	UploadFiles/xwzx/2025/9/202509010829187354.jpg	227711	d65b5808d971894ae8e37ac84c4c1bcdcfe61e31712f77e043e6661e3cf128cb	d65b5808d971894ae8e37ac84c4c1bcdcfe61e31712f77e043e6661e3cf128cb	
UploadFiles/xwzx/2025/9/202509010829188888.jpg	UploadFiles/xwzx/2025/9/202509010829188888.jpg	230193	9ae72205e6fb6f0f1fa36f2411f9f2f0cfd0349a2feaf77c53c564d8b69c5820	9ae72205e6fb6f0f1fa36f2411f9f2f0cfd0349a2feaf77c53c564d8b69c5820	
UploadFiles/xwzx/2025/9/202509010829192376.png	UploadFiles/xwzx/2025/9/202509010829192376.png	1626788	3a5f0a2a34227bd997eae45a9fad0be0b76bb2d7e09a9eee0c54716f2154a3ed	3a5f0a2a34227bd997eae45a9fad0be0b76bb2d7e09a9eee0c54716f2154a3ed	
UploadFiles/xwzx/2025/9/202509010829202166.png	UploadFiles/xwzx/2025/9/202509010829202166.png	3763180	f23359a15a48da7cadca849553fef53c217135a4d3b2eba5c6921e4a74789b87	f23359a15a48da7cadca849553fef53c217135a4d3b2eba5c6921e4a74789b87	
UploadFiles/xwzx/2025/9/202509010829206546.png	UploadFiles/xwzx/2025/9/202509010829206546.png	1534549	3127579cb06e3fa2f056b2d5b8169698658bac25e6676d3cb80a4035a04c9d53	3127579cb06e3fa2f056b2d5b8169698658bac25e6676d3cb80a4035a04c9d53	
UploadFiles/xwzx/2025/9/202509010829209889.png	UploadFiles/xwzx/2025/9/202509010829209889.png	1489292	9be857cb929b118001d646621bb1c967e5e5f33e042cc8a812d7a13cc4df6d96	9be857cb929b118001d646621bb1c967e5e5f33e042cc8a812d7a13cc4df6d96	
UploadFiles/xwzx/2025/9/202509010829211052.png	UploadFiles/xwzx/2025/9/202509010829211052.png	1544150	685f76f9e28d5c10d4da9a2b9f2fd7980b19398d80306698143364fd546344f1	685f76f9e28d5c10d4da9a2b9f2fd7980b19398d80306698143364fd546344f1	
UploadFiles/xwzx/2025/9/202509010829215640.png	UploadFiles/xwzx/2025/9/202509010829215640.png	1603387	64a1499fc0e4bd2aee5f27792147260a69d44b717051f22eaa2c7a33731cd590	64a1499fc0e4bd2aee5f27792147260a69d44b717051f22eaa2c7a33731cd590	
UploadFiles/xwzx/2025/9/202509010829217324.png	UploadFiles/xwzx/2025/9/202509010829217324.png	1537674	65962376f2f5014f00496ffb0ec59a0f1d2d60d0a1eaaa8747ab7a4d9ff57805	65962376f2f5014f00496ffb0ec59a0f1d2d60d0a1eaaa8747ab7a4d9ff57805	
UploadFiles/xwzx/2025/9/202509011032170711.jpg	UploadFiles/xwzx/2025/9/202509011032170711.jpg	150527	d6d278235331031b469d0b9fb5608f21a2d7a907a024e459a73db1a336ebec95	d6d278235331031b469d0b9fb5608f21a2d7a907a024e459a73db1a336ebec95	
UploadFiles/xwzx/2025/9/202509011032182905.jpg	UploadFiles/xwzx/2025/9/202509011032182905.jpg	116389	577b2c8ce51a55273b57d98b27142e8badfc43dc087b76c7bc9d205e6d118bce	577b2c8ce51a55273b57d98b27142e8badfc43dc087b76c7bc9d205e6d118bce	
UploadFiles/xwzx/2025/9/202509011055082451.png	UploadFiles/xwzx/2025/9/202509011055082451.png	2081880	e0131eee99cadae52a0b48b36bee4c6ea546a16368d2c3df92c130de8dd2755f	e0131eee99cadae52a0b48b36bee4c6ea546a16368d2c3df92c130de8dd2755f	
UploadFiles/xwzx/2025/9/202509011057034781.png	UploadFiles/xwzx/2025/9/202509011057034781.png	232170	58c4d8905148278dc19a7a4e23def927917afe2f17d6bf22c8758e9e0ed4b637	58c4d8905148278dc19a7a4e23def927917afe2f17d6bf22c8758e9e0ed4b637	
UploadFiles/xwzx/2025/9/202509011527366638.jpg	UploadFiles/xwzx/2025/9/202509011527366638.jpg	391200	889dc8df89cae941976dfa9ab611afc7a7e01ec30044a42d69ab00f46e12dd8f	889dc8df89cae941976dfa9ab611afc7a7e01ec30044a42d69ab00f46e12dd8f	
UploadFiles/xwzx/2025/9/202509011547161836.png	UploadFiles/xwzx/2025/9/202509011547161836.png	60697	d4051e7b3278ff3a25526328012882b7bdb5c516b9b9c1e7a40c1546f226d125	d4051e7b3278ff3a25526328012882b7bdb5c516b9b9c1e7a40c1546f226d125	
UploadFiles/xwzx/2025/9/202509011649117118.png	UploadFiles/xwzx/2025/9/202509011649117118.png	86716	b7b0ac1681c1f86f98ec7b48ea30b4d75d6f8b603800b17f27072e45ed14d1f6	b7b0ac1681c1f86f98ec7b48ea30b4d75d6f8b603800b17f27072e45ed14d1f6	
UploadFiles/xwzx/2025/9/202509020847569903.JPEG	UploadFiles/xwzx/2025/9/202509020847569903.jpeg	996371	b3a83cd892a850a0c9589765934c0b156a0fd2a972937b5e2af4022e1f9d0223	b3a83cd892a850a0c9589765934c0b156a0fd2a972937b5e2af4022e1f9d0223	
UploadFiles/xwzx/2025/9/202509021026274854.bmp	UploadFiles/xwzx/2025/9/202509021026274854.bmp	585398	26512da2d5da39e23de36d8301b41135bfeb43da235c9f6348adb0033b256d93	26512da2d5da39e23de36d8301b41135bfeb43da235c9f6348adb0033b256d93	
UploadFiles/xwzx/2025/9/202509021526366019.JPEG	UploadFiles/xwzx/2025/9/202509021526366019.jpeg	1360106	7ec9d5f86be4bdf37afc147a23e1763a96047c441382f16be6597591270d8156	7ec9d5f86be4bdf37afc147a23e1763a96047c441382f16be6597591270d8156	
UploadFiles/xwzx/2025/9/202509021526369652.JPEG	UploadFiles/xwzx/2025/9/202509021526369652.jpeg	1243489	e7ab8b83d402a962909844313df8b04b2c2c5f7995d4d7b3c6830043a72c3071	e7ab8b83d402a962909844313df8b04b2c2c5f7995d4d7b3c6830043a72c3071	
UploadFiles/xwzx/2025/9/202509021816296804.png	UploadFiles/xwzx/2025/9/202509021816296804.png	289392	5a9c9681dfea93f29e6a8119fd740e4b6b2376e4a0e81418855c1ab4185a7d09	5a9c9681dfea93f29e6a8119fd740e4b6b2376e4a0e81418855c1ab4185a7d09	
UploadFiles/xwzx/2025/9/202509021816297051.png	UploadFiles/xwzx/2025/9/202509021816297051.png	292972	7276cd33908663674fc0c69da9aba39ba9bed6a0274e9fdd5e739937362c4cae	7276cd33908663674fc0c69da9aba39ba9bed6a0274e9fdd5e739937362c4cae	
UploadFiles/xwzx/2025/9/202509031505411594.png	UploadFiles/xwzx/2025/9/202509031505411594.png	329984	4d95c64bfb0b21928609bfc70d9a015cac29810da947c99a49180700e4c34970	4d95c64bfb0b21928609bfc70d9a015cac29810da947c99a49180700e4c34970	
UploadFiles/xwzx/2025/9/202509040910441665.jpg	UploadFiles/xwzx/2025/9/202509040910441665.jpg	5294072	f565d4a5bb0e70101d536cb1aabef84e4c72ebfdcdc4e0f558b96da913458afd	f565d4a5bb0e70101d536cb1aabef84e4c72ebfdcdc4e0f558b96da913458afd	
UploadFiles/xwzx/2025/9/202509040910461813.jpg	UploadFiles/xwzx/2025/9/202509040910461813.jpg	5393777	c5545a8588d6da6797251947f34ae45c81510631fe2307e898b51810a7952f2d	c5545a8588d6da6797251947f34ae45c81510631fe2307e898b51810a7952f2d	
UploadFiles/xwzx/2025/9/202509040910472506.jpg	UploadFiles/xwzx/2025/9/202509040910472506.jpg	1537061	5201f5f7e9fb48e2950ada1f0a8391475a2864bf7dff8f79f91bf0b679a5326f	5201f5f7e9fb48e2950ada1f0a8391475a2864bf7dff8f79f91bf0b679a5326f	
UploadFiles/xwzx/2025/9/202509040910473125.jpg	UploadFiles/xwzx/2025/9/202509040910473125.jpg	5258801	4a0282d85d1a4f28d65f0794d3838a0ce07a60b9be05200caa58f78addcad2d3	4a0282d85d1a4f28d65f0794d3838a0ce07a60b9be05200caa58f78addcad2d3	
UploadFiles/xwzx/2025/9/202509040910485579.jpg	UploadFiles/xwzx/2025/9/202509040910485579.jpg	3353968	7a081b667f556f0fa7a86e848aa3d140ff20510a054c065b67adaf9a85082082	7a081b667f556f0fa7a86e848aa3d140ff20510a054c065b67adaf9a85082082	
UploadFiles/xwzx/2025/9/202509040910492813.png	UploadFiles/xwzx/2025/9/202509040910492813.png	3689281	ea9f686c130ad30df99c1366646476739fb60afe8e0d34e8e11bc5b29c3a016b	ea9f686c130ad30df99c1366646476739fb60afe8e0d34e8e11bc5b29c3a016b	
UploadFiles/xwzx/2025/9/202509040910499032.JPG	UploadFiles/xwzx/2025/9/202509040910499032.jpg	1882731	5f7c0d8adad70c9c1cde5ecb3f3ae1694ace0424465e4085833e07f5f3933429	5f7c0d8adad70c9c1cde5ecb3f3ae1694ace0424465e4085833e07f5f3933429	
UploadFiles/xwzx/2025/9/202509040910509334.jpg	UploadFiles/xwzx/2025/9/202509040910509334.jpg	3364651	eeae18e6f7e8b139957630cbf61969ecfab978e036fbc998e559174dca8a0e7a	eeae18e6f7e8b139957630cbf61969ecfab978e036fbc998e559174dca8a0e7a	
UploadFiles/xwzx/2025/9/202509040910516573.jpg	UploadFiles/xwzx/2025/9/202509040910516573.jpg	5682545	f51b486cd6847f0c2d60cdf8a5ea8f61f8efb7803bf5a169c842b92cbcdc642a	f51b486cd6847f0c2d60cdf8a5ea8f61f8efb7803bf5a169c842b92cbcdc642a	
UploadFiles/xwzx/2025/9/202509040910523751.jpg	UploadFiles/xwzx/2025/9/202509040910523751.jpg	3362483	439aa1743e3316968d735a9c96e40fcddcacb44125bc4dde6b3371ca18df8d7c	439aa1743e3316968d735a9c96e40fcddcacb44125bc4dde6b3371ca18df8d7c	
UploadFiles/xwzx/2025/9/202509040910529165.jpg	UploadFiles/xwzx/2025/9/202509040910529165.jpg	3382293	42f45f708986621c43187d0475f137a20ac8e210cb79adca9fe039985f7a7564	42f45f708986621c43187d0475f137a20ac8e210cb79adca9fe039985f7a7564	
UploadFiles/xwzx/2025/9/202509040910530952.jpg	UploadFiles/xwzx/2025/9/202509040910530952.jpg	3053866	aa58708de063cd99a16134bae6c5bec0b6ec21b82c52636c8cc5ad5138ae47cc	aa58708de063cd99a16134bae6c5bec0b6ec21b82c52636c8cc5ad5138ae47cc	
UploadFiles/xwzx/2025/9/202509040910543762.jpg	UploadFiles/xwzx/2025/9/202509040910543762.jpg	3036503	77718351354c7c242c0d00716d61a7f29ec61cef566a399551eab5434078a9c1	77718351354c7c242c0d00716d61a7f29ec61cef566a399551eab5434078a9c1	
UploadFiles/xwzx/2025/9/202509040910548847.jpg	UploadFiles/xwzx/2025/9/202509040910548847.jpg	3321365	47fb0d70b4a102dcd5da0ab338783069c77b9c686b8c124dd0aa9dfa5ba462e9	47fb0d70b4a102dcd5da0ab338783069c77b9c686b8c124dd0aa9dfa5ba462e9	
UploadFiles/xwzx/2025/9/202509040910555350.jpg	UploadFiles/xwzx/2025/9/202509040910555350.jpg	3762020	7f3313df0d0ea8550ac826b80c3e097dacf33fe8c60a8b53b493945b7ba57888	7f3313df0d0ea8550ac826b80c3e097dacf33fe8c60a8b53b493945b7ba57888	
UploadFiles/xwzx/2025/9/202509040910555939.jpg	UploadFiles/xwzx/2025/9/202509040910555939.jpg	2783741	6976ddfd78518b10b3157e70024771e7854ae1b31009c36504a84f1eb6739267	6976ddfd78518b10b3157e70024771e7854ae1b31009c36504a84f1eb6739267	
UploadFiles/xwzx/2025/9/202509040913508728.jpg	UploadFiles/xwzx/2025/9/202509040913508728.jpg	3997856	80c7f21ee64c3db9b853900770c5d1f9083ed8fe56b775b4dc30e7e8105b1dec	80c7f21ee64c3db9b853900770c5d1f9083ed8fe56b775b4dc30e7e8105b1dec	
UploadFiles/xwzx/2025/9/202509040913508797.jpg	UploadFiles/xwzx/2025/9/202509040913508797.jpg	3825088	4a828e6fde689d523cf535f20598b77e5727802dae7a16d4ac8883c553f1108f	4a828e6fde689d523cf535f20598b77e5727802dae7a16d4ac8883c553f1108f	
UploadFiles/xwzx/2025/9/202509040913519501.jpg	UploadFiles/xwzx/2025/9/202509040913519501.jpg	4029788	24ff8ce12ac82aa24f050c55a680eeb02edf7f7bab8c42b6b5823e49b4751e20	24ff8ce12ac82aa24f050c55a680eeb02edf7f7bab8c42b6b5823e49b4751e20	
UploadFiles/xwzx/2025/9/202509040913522620.jpg	UploadFiles/xwzx/2025/9/202509040913522620.jpg	3735708	b60eba1fa261d3e62f22f71df70cbf9dd3c53bcdae010b2292bc6480f39f3c45	b60eba1fa261d3e62f22f71df70cbf9dd3c53bcdae010b2292bc6480f39f3c45	
UploadFiles/xwzx/2025/9/202509040913545041.jpg	UploadFiles/xwzx/2025/9/202509040913545041.jpg	4179718	d9452aa6621685dee709d318c53ba357f451f33804a06ece095afadeb80f3ae2	d9452aa6621685dee709d318c53ba357f451f33804a06ece095afadeb80f3ae2	
UploadFiles/xwzx/2025/9/202509040913559518.jpg	UploadFiles/xwzx/2025/9/202509040913559518.jpg	0	e3b0c44298fc1c149afbf4c8996fb92427ae41e4649b934ca495991b7852b855	e3b0c44298fc1c149afbf4c8996fb92427ae41e4649b934ca495991b7852b855	
UploadFiles/xwzx/2025/9/202509040913568570.jpg	UploadFiles/xwzx/2025/9/202509040913568570.jpg	0	e3b0c44298fc1c149afbf4c8996fb92427ae41e4649b934ca495991b7852b855	e3b0c44298fc1c149afbf4c8996fb92427ae41e4649b934ca495991b7852b855	
UploadFiles/xwzx/2025/9/202509040913570840.jpg	UploadFiles/xwzx/2025/9/202509040913570840.jpg	6052334	c442b6dd74eaab0f27276d28a723bbd32e5ea193e9b1440836a4f1e341d08f10	c442b6dd74eaab0f27276d28a723bbd32e5ea193e9b1440836a4f1e341d08f10	
UploadFiles/xwzx/2025/9/202509040913571569.jpg	UploadFiles/xwzx/2025/9/202509040913571569.jpg	6083843	0892c49c95995a8d6a1af53326394cb8e4b39af6ae674d0f93d6b50de10ee189	0892c49c95995a8d6a1af53326394cb8e4b39af6ae674d0f93d6b50de10ee189	
UploadFiles/xwzx/2025/9/202509040913577663.jpg	UploadFiles/xwzx/2025/9/202509040913577663.jpg	0	e3b0c44298fc1c149afbf4c8996fb92427ae41e4649b934ca495991b7852b855	e3b0c44298fc1c149afbf4c8996fb92427ae41e4649b934ca495991b7852b855	
UploadFiles/xwzx/2025/9/202509040913595677.jpg	UploadFiles/xwzx/2025/9/202509040913595677.jpg	0	e3b0c44298fc1c149afbf4c8996fb92427ae41e4649b934ca495991b7852b855	e3b0c44298fc1c149afbf4c8996fb92427ae41e4649b934ca495991b7852b855	
UploadFiles/xwzx/2025/9/202509040913597599.jpg	UploadFiles/xwzx/2025/9/202509040913597599.jpg	0	e3b0c44298fc1c149afbf4c8996fb92427ae41e4649b934ca495991b7852b855	e3b0c44298fc1c149afbf4c8996fb92427ae41e4649b934ca495991b7852b855	
UploadFiles/xwzx/2025/9/202509040914010554.jpg	UploadFiles/xwzx/2025/9/202509040914010554.jpg	0	e3b0c44298fc1c149afbf4c8996fb92427ae41e4649b934ca495991b7852b855	e3b0c44298fc1c149afbf4c8996fb92427ae41e4649b934ca495991b7852b855	
UploadFiles/xwzx/2025/9/202509040914044202.jpg	UploadFiles/xwzx/2025/9/202509040914044202.jpg	0	e3b0c44298fc1c149afbf4c8996fb92427ae41e4649b934ca495991b7852b855	e3b0c44298fc1c149afbf4c8996fb92427ae41e4649b934ca495991b7852b855	
UploadFiles/xwzx/2025/9/202509040914046082.jpg	UploadFiles/xwzx/2025/9/202509040914046082.jpg	0	e3b0c44298fc1c149afbf4c8996fb92427ae41e4649b934ca495991b7852b855	e3b0c44298fc1c149afbf4c8996fb92427ae41e4649b934ca495991b7852b855	
UploadFiles/xwzx/2025/9/202509040914060174.jpg	UploadFiles/xwzx/2025/9/202509040914060174.jpg	0	e3b0c44298fc1c149afbf4c8996fb92427ae41e4649b934ca495991b7852b855	e3b0c44298fc1c149afbf4c8996fb92427ae41e4649b934ca495991b7852b855	
UploadFiles/xwzx/2025/9/202509040914079045.jpg	UploadFiles/xwzx/2025/9/202509040914079045.jpg	0	e3b0c44298fc1c149afbf4c8996fb92427ae41e4649b934ca495991b7852b855	e3b0c44298fc1c149afbf4c8996fb92427ae41e4649b934ca495991b7852b855	
UploadFiles/xwzx/2025/9/202509040914089997.jpg	UploadFiles/xwzx/2025/9/202509040914089997.jpg	0	e3b0c44298fc1c149afbf4c8996fb92427ae41e4649b934ca495991b7852b855	e3b0c44298fc1c149afbf4c8996fb92427ae41e4649b934ca495991b7852b855	
UploadFiles/xwzx/2025/9/202509040914106452.jpg	UploadFiles/xwzx/2025/9/202509040914106452.jpg	0	e3b0c44298fc1c149afbf4c8996fb92427ae41e4649b934ca495991b7852b855	e3b0c44298fc1c149afbf4c8996fb92427ae41e4649b934ca495991b7852b855	
UploadFiles/xwzx/2025/9/202509040914125805.jpg	UploadFiles/xwzx/2025/9/202509040914125805.jpg	0	e3b0c44298fc1c149afbf4c8996fb92427ae41e4649b934ca495991b7852b855	e3b0c44298fc1c149afbf4c8996fb92427ae41e4649b934ca495991b7852b855	
UploadFiles/xwzx/2025/9/202509040914128313.jpg	UploadFiles/xwzx/2025/9/202509040914128313.jpg	0	e3b0c44298fc1c149afbf4c8996fb92427ae41e4649b934ca495991b7852b855	e3b0c44298fc1c149afbf4c8996fb92427ae41e4649b934ca495991b7852b855	
UploadFiles/xwzx/2025/9/202509040914140245.jpg	UploadFiles/xwzx/2025/9/202509040914140245.jpg	0	e3b0c44298fc1c149afbf4c8996fb92427ae41e4649b934ca495991b7852b855	e3b0c44298fc1c149afbf4c8996fb92427ae41e4649b934ca495991b7852b855	
UploadFiles/xwzx/2025/9/202509040914166369.jpg	UploadFiles/xwzx/2025/9/202509040914166369.jpg	0	e3b0c44298fc1c149afbf4c8996fb92427ae41e4649b934ca495991b7852b855	e3b0c44298fc1c149afbf4c8996fb92427ae41e4649b934ca495991b7852b855	
UploadFiles/xwzx/2025/9/202509040914179104.jpg	UploadFiles/xwzx/2025/9/202509040914179104.jpg	0	e3b0c44298fc1c149afbf4c8996fb92427ae41e4649b934ca495991b7852b855	e3b0c44298fc1c149afbf4c8996fb92427ae41e4649b934ca495991b7852b855	
UploadFiles/xwzx/2025/9/202509040914191491.jpg	UploadFiles/xwzx/2025/9/202509040914191491.jpg	0	e3b0c44298fc1c149afbf4c8996fb92427ae41e4649b934ca495991b7852b855	e3b0c44298fc1c149afbf4c8996fb92427ae41e4649b934ca495991b7852b855	
UploadFiles/xwzx/2025/9/202509040914195870.jpg	UploadFiles/xwzx/2025/9/202509040914195870.jpg	0	e3b0c44298fc1c149afbf4c8996fb92427ae41e4649b934ca495991b7852b855	e3b0c44298fc1c149afbf4c8996fb92427ae41e4649b934ca495991b7852b855	
UploadFiles/xwzx/2025/9/202509040914199386.jpg	UploadFiles/xwzx/2025/9/202509040914199386.jpg	0	e3b0c44298fc1c149afbf4c8996fb92427ae41e4649b934ca495991b7852b855	e3b0c44298fc1c149afbf4c8996fb92427ae41e4649b934ca495991b7852b855	
UploadFiles/xwzx/2025/9/202509041251532088.jpg	UploadFiles/xwzx/2025/9/202509041251532088.jpg	3324743	ac86872281c1e4415e801c413c3bd3810614e95031b65b84c9ab26ed769bf349	ac86872281c1e4415e801c413c3bd3810614e95031b65b84c9ab26ed769bf349	
UploadFiles/xwzx/2025/9/202509041251539244.jpg	UploadFiles/xwzx/2025/9/202509041251539244.jpg	6050614	ccd00a7f73060abbad3291187428e244f0e1b6154dc7fcf654f5ad8b3d1bafb3	ccd00a7f73060abbad3291187428e244f0e1b6154dc7fcf654f5ad8b3d1bafb3	
UploadFiles/xwzx/2025/9/202509041251539883.jpg	UploadFiles/xwzx/2025/9/202509041251539883.jpg	4299475	263558cfad6596f5d9701ff213e5bfde8a729710094a02cb4bda3b5cc94c5ac6	263558cfad6596f5d9701ff213e5bfde8a729710094a02cb4bda3b5cc94c5ac6	
UploadFiles/xwzx/2025/9/202509041251540338.jpg	UploadFiles/xwzx/2025/9/202509041251540338.jpg	3796212	62223959af9c35f75b223bf84bce6e113090728130fd7a6fa39547bab815a86b	62223959af9c35f75b223bf84bce6e113090728130fd7a6fa39547bab815a86b	
UploadFiles/xwzx/2025/9/202509041251541253.jpg	UploadFiles/xwzx/2025/9/202509041251541253.jpg	6532538	ef6b47ec1e320f815261f5f8433c7a9f4ee1a47d45accddb1d0c69fde05b72bf	ef6b47ec1e320f815261f5f8433c7a9f4ee1a47d45accddb1d0c69fde05b72bf	
UploadFiles/xwzx/2025/9/202509041251542321.jpg	UploadFiles/xwzx/2025/9/202509041251542321.jpg	5187792	1160c617e1844bb14fe168b68a52de020c2f8774981aa5584fa44cf2bc398185	1160c617e1844bb14fe168b68a52de020c2f8774981aa5584fa44cf2bc398185	
UploadFiles/xwzx/2025/9/202509041251542790.jpg	UploadFiles/xwzx/2025/9/202509041251542790.jpg	4464217	8d4a1f47122a9c582772b5dfb8bab5e39d1dbe28e4c61955cdf6eed9fe0f0a5c	8d4a1f47122a9c582772b5dfb8bab5e39d1dbe28e4c61955cdf6eed9fe0f0a5c	
UploadFiles/xwzx/2025/9/202509041251546449.jpg	UploadFiles/xwzx/2025/9/202509041251546449.jpg	5925166	c71e536675d7c28655c67a1c133f8cba1e2bb9e8510cdbf8e18daeecea94569d	c71e536675d7c28655c67a1c133f8cba1e2bb9e8510cdbf8e18daeecea94569d	
UploadFiles/xwzx/2025/9/202509041251547436.jpg	UploadFiles/xwzx/2025/9/202509041251547436.jpg	6713225	ded5908ea88fbf89c341cb17e120b67dadb8a331f6405c19c2dc86ed4ead0ede	ded5908ea88fbf89c341cb17e120b67dadb8a331f6405c19c2dc86ed4ead0ede	
UploadFiles/xwzx/2025/9/202509041251549502.jpg	UploadFiles/xwzx/2025/9/202509041251549502.jpg	6952383	ad59954a830d4b1a416664e681b33c9a1e7786578473123180a9f1ab56c47a2d	ad59954a830d4b1a416664e681b33c9a1e7786578473123180a9f1ab56c47a2d	
UploadFiles/xwzx/2025/9/202509041251553190.jpg	UploadFiles/xwzx/2025/9/202509041251553190.jpg	6459012	c1851bb4fc17b897826fe8adc056796cd5d6019fc7ede98bd6d8a2ef3b5daf24	c1851bb4fc17b897826fe8adc056796cd5d6019fc7ede98bd6d8a2ef3b5daf24	
UploadFiles/xwzx/2025/9/202509081107551413.jpg	UploadFiles/xwzx/2025/9/202509081107551413.jpg	166545	28dd18af96865cb1f2e2d60d0c2c2aa790ade433c927224c9c084e69edbf9bf3	28dd18af96865cb1f2e2d60d0c2c2aa790ade433c927224c9c084e69edbf9bf3	
UploadFiles/xwzx/2025/9/202509101653540742.jpg	UploadFiles/xwzx/2025/9/202509101653540742.jpg	26861	47118b65a99ff2867f41da67158bb11fc0abe99f39b099cb0b93beb605180b0b	47118b65a99ff2867f41da67158bb11fc0abe99f39b099cb0b93beb605180b0b	
UploadFiles/xwzx/2025/9/202509111504091826.png	UploadFiles/xwzx/2025/9/202509111504091826.png	91546	05d61dd2d5f9e6bc3c11ed8e58f5de6b67d04478562ab7c1eb040e0939b81b45	05d61dd2d5f9e6bc3c11ed8e58f5de6b67d04478562ab7c1eb040e0939b81b45	
UploadFiles/xwzx/2025/9/202509120939391628.bmp	UploadFiles/xwzx/2025/9/202509120939391628.bmp	5444026	c0cd2229423fd7a9c3e65d08dede31521d1c029fa4cdd1c23ec83a134c400155	c0cd2229423fd7a9c3e65d08dede31521d1c029fa4cdd1c23ec83a134c400155	
UploadFiles/xwzx/2025/9/202509120955390025.png	UploadFiles/xwzx/2025/9/202509120955390025.png	262368	d4023360d6c198935c824d34f0d804c3185ccea97389f701b52e12576f3b1392	d4023360d6c198935c824d34f0d804c3185ccea97389f701b52e12576f3b1392	
UploadFiles/xwzx/2025/9/202509120955393127.png	UploadFiles/xwzx/2025/9/202509120955393127.png	421771	4b05db32120610d510f7b47a76d76fef22146b69120553ab9d3a413d48d95581	4b05db32120610d510f7b47a76d76fef22146b69120553ab9d3a413d48d95581	
UploadFiles/xwzx/2025/9/202509120955393583.png	UploadFiles/xwzx/2025/9/202509120955393583.png	220675	b3b79d97b07cee2b15ce29c97f76e89e3dc4f8fba356cb63b8c89bec478656a6	b3b79d97b07cee2b15ce29c97f76e89e3dc4f8fba356cb63b8c89bec478656a6	
UploadFiles/xwzx/2025/9/202509120955397619.png	UploadFiles/xwzx/2025/9/202509120955397619.png	196442	d11c4fcb8854138866c99f1f8a288f58e317e4e08876c834a733d6f512fb2a7d	d11c4fcb8854138866c99f1f8a288f58e317e4e08876c834a733d6f512fb2a7d	
UploadFiles/xwzx/2025/9/202509120955397682.png	UploadFiles/xwzx/2025/9/202509120955397682.png	242910	79e008bb4d2a6e896065e984f160998d1ef550381c87396c67a3e3ba44715e75	79e008bb4d2a6e896065e984f160998d1ef550381c87396c67a3e3ba44715e75	
UploadFiles/xwzx/2025/9/202509120955403097.png	UploadFiles/xwzx/2025/9/202509120955403097.png	518650	c7207281eb4233273615b68d2894e8300b511ecfd3334d8c4a20783b139f5dfa	c7207281eb4233273615b68d2894e8300b511ecfd3334d8c4a20783b139f5dfa	
UploadFiles/xwzx/2025/9/202509120955405413.png	UploadFiles/xwzx/2025/9/202509120955405413.png	695495	5bb97ea80964b34d6b0c688d8e30e2ae790e34ee238d64285ec3008acbec5376	5bb97ea80964b34d6b0c688d8e30e2ae790e34ee238d64285ec3008acbec5376	
UploadFiles/xwzx/2025/9/202509120955420628.png	UploadFiles/xwzx/2025/9/202509120955420628.png	18646386	7a84c860912598bbacf7bb4e24e86b2204584e24d80bdf5a887199e2f972c6dd	7a84c860912598bbacf7bb4e24e86b2204584e24d80bdf5a887199e2f972c6dd	
UploadFiles/xwzx/2025/9/202509120955444668.png	UploadFiles/xwzx/2025/9/202509120955444668.png	15584464	6eec2f07acddf9544b498bbd521192fc09096ad7831c5448fbc383cc08828c8e	6eec2f07acddf9544b498bbd521192fc09096ad7831c5448fbc383cc08828c8e	
UploadFiles/xwzx/2025/9/202509120955453816.png	UploadFiles/xwzx/2025/9/202509120955453816.png	20742165	df38a6a27376c2ff19bf60ba13b5885933d7af7760b88ae9e4f7994bad0fd743	df38a6a27376c2ff19bf60ba13b5885933d7af7760b88ae9e4f7994bad0fd743	
UploadFiles/xwzx/2025/9/202509120955467126.png	UploadFiles/xwzx/2025/9/202509120955467126.png	19166919	a505906b51896c99d2dd010010014032792b61c23fc49d91fe888cc294f01870	a505906b51896c99d2dd010010014032792b61c23fc49d91fe888cc294f01870	
UploadFiles/xwzx/2025/9/202509121011371537.gif	UploadFiles/xwzx/2025/9/202509121011371537.gif	1012	62c86a7776611273707faece405890b74a8c521b17a73e339875d8aa4f9ca361	62c86a7776611273707faece405890b74a8c521b17a73e339875d8aa4f9ca361	
UploadFiles/xwzx/2025/9/202509121152455556.JPEG	UploadFiles/xwzx/2025/9/202509121152455556.jpeg	1545615	078b17fbba72a5ab7e3fcf3b3506c8c9085ae427cc180c3145c86cc017ae0d5b	078b17fbba72a5ab7e3fcf3b3506c8c9085ae427cc180c3145c86cc017ae0d5b	
UploadFiles/xwzx/2025/9/202509121152458628.JPEG	UploadFiles/xwzx/2025/9/202509121152458628.jpeg	1009114	3804d330e31600fbfdaf76c105805a4fee696f24431f99f9d6fd579860f24115	3804d330e31600fbfdaf76c105805a4fee696f24431f99f9d6fd579860f24115	
UploadFiles/xwzx/2025/9/202509150849528978.png	UploadFiles/xwzx/2025/9/202509150849528978.png	120546	5d104824b73391dec0592b8340addc6a918eb6ab85944270b1e1320787a4146f	5d104824b73391dec0592b8340addc6a918eb6ab85944270b1e1320787a4146f	
UploadFiles/xwzx/2025/9/202509150900149215.PNG	UploadFiles/xwzx/2025/9/202509150900149215.png	28053	8dbafbe8a04d5d6f07705d975866908d7549c87ba29c8591d155f4bea11a33de	8dbafbe8a04d5d6f07705d975866908d7549c87ba29c8591d155f4bea11a33de	
UploadFiles/xwzx/2025/9/202509151418100075.bmp	UploadFiles/xwzx/2025/9/202509151418100075.bmp	5314814	fb0f79f26906c5cb46d6d3feee78be5833d8cb3ff095345e0f8bdd984cca7b9f	fb0f79f26906c5cb46d6d3feee78be5833d8cb3ff095345e0f8bdd984cca7b9f	
UploadFiles/xwzx/2025/9/202509151420282216.png	UploadFiles/xwzx/2025/9/202509151420282216.png	278910	0ae5a57a06bf39ecc187f3a4ad85ec55fda12fa0467d17d32f6c71026ec9e43b	0ae5a57a06bf39ecc187f3a4ad85ec55fda12fa0467d17d32f6c71026ec9e43b	
UploadFiles/xwzx/2025/9/202509151423091413.bmp	UploadFiles/xwzx/2025/9/202509151423091413.bmp	5319954	7870d55c28a2b348e3f04305cfa2a351b58551d7588cbe28e89220acfb17e591	7870d55c28a2b348e3f04305cfa2a351b58551d7588cbe28e89220acfb17e591	
UploadFiles/xwzx/2025/9/202509151425394400.bmp	UploadFiles/xwzx/2025/9/202509151425394400.bmp	5319954	1f56cc52e452c5d3fa7f750f1ece2c5613ca61b9dd523849bf16e10d617b0896	1f56cc52e452c5d3fa7f750f1ece2c5613ca61b9dd523849bf16e10d617b0896	
UploadFiles/xwzx/2025/9/202509151427318371.bmp	UploadFiles/xwzx/2025/9/202509151427318371.bmp	5319954	1d229c627f0b94a0f6012b195799c49b63185c6f503291db4d06425bf450c1b8	1d229c627f0b94a0f6012b195799c49b63185c6f503291db4d06425bf450c1b8	
UploadFiles/xwzx/2025/9/202509151429245588.bmp	UploadFiles/xwzx/2025/9/202509151429245588.bmp	5733954	acfc1725df08e83016f98e68b80b652e92e9911c44a323bd60bb69d18404f423	acfc1725df08e83016f98e68b80b652e92e9911c44a323bd60bb69d18404f423	
UploadFiles/xwzx/2025/9/202509151508508134.jpg	UploadFiles/xwzx/2025/9/202509151508508134.jpg	5580774	3c7407dc8661d5de6e967e29a2a93c66413ded1d73e9bdb797eb939238b71f5e	3c7407dc8661d5de6e967e29a2a93c66413ded1d73e9bdb797eb939238b71f5e	
UploadFiles/xwzx/2025/9/202509151548376200.gif	UploadFiles/xwzx/2025/9/202509151548376200.gif	970	2e20adfa5746298c73e199693934f04f5416d373daa6dd0d5e73a337f2f36dff	2e20adfa5746298c73e199693934f04f5416d373daa6dd0d5e73a337f2f36dff	
UploadFiles/xwzx/2025/9/202509151616311749.jpg	UploadFiles/xwzx/2025/9/202509151616311749.jpg	179328	3b3fcba5300bc0b03134912941c38112129c38b9e2295a4102cb975cb328e4da	3b3fcba5300bc0b03134912941c38112129c38b9e2295a4102cb975cb328e4da	
UploadFiles/xwzx/2025/9/202509151654476532.jpg	UploadFiles/xwzx/2025/9/202509151654476532.jpg	123796	5a08ef2e753e654cab1cf733c406b2c5f50d904bfa4bb8738bc98f8a15696e2e	5a08ef2e753e654cab1cf733c406b2c5f50d904bfa4bb8738bc98f8a15696e2e	
UploadFiles/xwzx/2025/9/202509160854163783.gif	UploadFiles/xwzx/2025/9/202509160854163783.gif	1012	62c86a7776611273707faece405890b74a8c521b17a73e339875d8aa4f9ca361	62c86a7776611273707faece405890b74a8c521b17a73e339875d8aa4f9ca361	
UploadFiles/xwzx/2025/9/202509160901026797.gif	UploadFiles/xwzx/2025/9/202509160901026797.gif	1012	62c86a7776611273707faece405890b74a8c521b17a73e339875d8aa4f9ca361	62c86a7776611273707faece405890b74a8c521b17a73e339875d8aa4f9ca361	
UploadFiles/xwzx/2025/9/202509181003340217.gif	UploadFiles/xwzx/2025/9/202509181003340217.gif	970	2e20adfa5746298c73e199693934f04f5416d373daa6dd0d5e73a337f2f36dff	2e20adfa5746298c73e199693934f04f5416d373daa6dd0d5e73a337f2f36dff	
UploadFiles/xwzx/2025/9/202509191055284875.bmp	UploadFiles/xwzx/2025/9/202509191055284875.bmp	5319954	4ff8efe151b75af66f60b3a3a263ce1228ed569bf4a41c1d45569a80cdd5261e	4ff8efe151b75af66f60b3a3a263ce1228ed569bf4a41c1d45569a80cdd5261e	
UploadFiles/xwzx/2025/9/202509191057011218.bmp	UploadFiles/xwzx/2025/9/202509191057011218.bmp	5319954	b6f81859de894173f0c42329c50f505a0d2afeddaef11ac2605e17a8064012bc	b6f81859de894173f0c42329c50f505a0d2afeddaef11ac2605e17a8064012bc	
UploadFiles/xwzx/2025/9/202509191058264178.bmp	UploadFiles/xwzx/2025/9/202509191058264178.bmp	5319954	f094c316938ae2ff087a35ca357f4eba3048e70a64f1b21c9cb26ba76485d77f	f094c316938ae2ff087a35ca357f4eba3048e70a64f1b21c9cb26ba76485d77f	
UploadFiles/xwzx/2025/9/202509191111423244.png	UploadFiles/xwzx/2025/9/202509191111423244.png	74186	3835c2e370451966683ace4744fe2a383a70941f254ed262b13c4c068847c260	3835c2e370451966683ace4744fe2a383a70941f254ed262b13c4c068847c260	
UploadFiles/xwzx/2025/9/202509191111431189.png	UploadFiles/xwzx/2025/9/202509191111431189.png	46924	f86024b463ccc747cb22790ef908fbb044e7a52a97efa3e4e182db58974ba081	f86024b463ccc747cb22790ef908fbb044e7a52a97efa3e4e182db58974ba081	
UploadFiles/xwzx/2025/9/202509191418059121.bmp	UploadFiles/xwzx/2025/9/202509191418059121.bmp	5319954	6541f8c65903bbbdfb57fed03961f9548e7ed06b416614604a6e0c66973bc119	6541f8c65903bbbdfb57fed03961f9548e7ed06b416614604a6e0c66973bc119	
UploadFiles/xwzx/2025/9/202509221356576965.bmp	UploadFiles/xwzx/2025/9/202509221356576965.bmp	5319954	e46b538e3fbcc3e4301ea86c2d87dc4164a93154990ea99ad70f9447cbdfdf36	e46b538e3fbcc3e4301ea86c2d87dc4164a93154990ea99ad70f9447cbdfdf36	
UploadFiles/xwzx/2025/9/202509221437277947.jpg	UploadFiles/xwzx/2025/9/202509221437277947.jpg	415281	851360b541b9f33d40b9ef5084677f2fc63b86aecac841fc453d008bb66595b9	851360b541b9f33d40b9ef5084677f2fc63b86aecac841fc453d008bb66595b9	
UploadFiles/xwzx/2025/9/202509221437280873.jpg	UploadFiles/xwzx/2025/9/202509221437280873.jpg	513960	217d3ee4148b8727e5fcec90900dc431111a514dd7a278c96c547bb5a3fb249c	217d3ee4148b8727e5fcec90900dc431111a514dd7a278c96c547bb5a3fb249c	
UploadFiles/xwzx/2025/9/202509221437282225.jpg	UploadFiles/xwzx/2025/9/202509221437282225.jpg	165307	4743c25192098307b0d512963722664888957ac6cad5aec601be9bd58980015d	4743c25192098307b0d512963722664888957ac6cad5aec601be9bd58980015d	
UploadFiles/xwzx/2025/9/202509221437287854.jpg	UploadFiles/xwzx/2025/9/202509221437287854.jpg	1865097	8c796174369b85d5967568e46b554ff3348ba704879be48ba646abe52b56f44c	8c796174369b85d5967568e46b554ff3348ba704879be48ba646abe52b56f44c	
UploadFiles/xwzx/2025/9/202509221437292561.jpg	UploadFiles/xwzx/2025/9/202509221437292561.jpg	1390351	9609feb2636a5524bb5ceaf4cb5f7c3a25c6bcf6a78a0ec2a58281083127ae63	9609feb2636a5524bb5ceaf4cb5f7c3a25c6bcf6a78a0ec2a58281083127ae63	
UploadFiles/xwzx/2025/9/202509221437302818.jpg	UploadFiles/xwzx/2025/9/202509221437302818.jpg	4200697	b520183a92d7fd4b1bf845814237dc88d26448581db23a24fc5787158340dbd4	b520183a92d7fd4b1bf845814237dc88d26448581db23a24fc5787158340dbd4	
UploadFiles/xwzx/2025/9/202509221437317448.jpg	UploadFiles/xwzx/2025/9/202509221437317448.jpg	548870	0c7253941f09fb1356f1720ec6031b63dd2de5da0e76c0444179b390dc4253c7	0c7253941f09fb1356f1720ec6031b63dd2de5da0e76c0444179b390dc4253c7	
UploadFiles/xwzx/2025/9/202509221437328565.jpg	UploadFiles/xwzx/2025/9/202509221437328565.jpg	2870863	c8b8103fd823ab0738ce3609f290c0a91bc5068c08b0b4c6c8e6eb69daa89d45	c8b8103fd823ab0738ce3609f290c0a91bc5068c08b0b4c6c8e6eb69daa89d45	
UploadFiles/xwzx/2025/9/202509221437335740.JPG	UploadFiles/xwzx/2025/9/202509221437335740.jpg	12327250	155af9e57b60fe4503750581c4f262dc11404283e4dee6f358db5948b6ab36c9	155af9e57b60fe4503750581c4f262dc11404283e4dee6f358db5948b6ab36c9	
UploadFiles/xwzx/2025/9/202509221437578061.jpg	UploadFiles/xwzx/2025/9/202509221437578061.jpg	281820	61302914a406731bb89c16f5425badd5627df68b849a1ba50f35d3517e1c288c	61302914a406731bb89c16f5425badd5627df68b849a1ba50f35d3517e1c288c	
UploadFiles/xwzx/2025/9/202509221437583910.jpeg	UploadFiles/xwzx/2025/9/202509221437583910.jpeg	3008964	5cc97111a6e49128c973aef133ac2cce822e1619077e3f335d13db660e8689f2	5cc97111a6e49128c973aef133ac2cce822e1619077e3f335d13db660e8689f2	
UploadFiles/xwzx/2025/9/202509221437587243.jpg	UploadFiles/xwzx/2025/9/202509221437587243.jpg	3745290	ef5005301a35daf99f1563c90584dd6caa6f914a6410643106236885d696905f	ef5005301a35daf99f1563c90584dd6caa6f914a6410643106236885d696905f	
UploadFiles/xwzx/2025/9/202509221437593249.jpg	UploadFiles/xwzx/2025/9/202509221437593249.jpg	666580	20f64968bd8cebc81bce1949e6785cf1a30416a0d52197224f6dca986bcd4cb1	20f64968bd8cebc81bce1949e6785cf1a30416a0d52197224f6dca986bcd4cb1	
UploadFiles/xwzx/2025/9/202509221437594953.jpg	UploadFiles/xwzx/2025/9/202509221437594953.jpg	594785	8aea8b5aa7ee5e1488a47dd9af76eadadc9204d653e8a95121741e99639cfc87	8aea8b5aa7ee5e1488a47dd9af76eadadc9204d653e8a95121741e99639cfc87	
UploadFiles/xwzx/2025/9/202509221437596225.jpg	UploadFiles/xwzx/2025/9/202509221437596225.jpg	258297	1c2ed0cc5dc676ac0cc960d72103f36cba6ed7db5a68f9fbf54a440a236f0768	1c2ed0cc5dc676ac0cc960d72103f36cba6ed7db5a68f9fbf54a440a236f0768	
UploadFiles/xwzx/2025/9/202509221437597232.jpg	UploadFiles/xwzx/2025/9/202509221437597232.jpg	3431531	c5a437b6e5ef8dd19e13a484de5e54a72e50bfa430e6d0413d690bc7cf3e9314	c5a437b6e5ef8dd19e13a484de5e54a72e50bfa430e6d0413d690bc7cf3e9314	
UploadFiles/xwzx/2025/9/202509221437597766.jpg	UploadFiles/xwzx/2025/9/202509221437597766.jpg	279346	d0b6b9665220f8cf8c45ff174ee66917f71f354ce2e0be4d287a9f9e59022f03	d0b6b9665220f8cf8c45ff174ee66917f71f354ce2e0be4d287a9f9e59022f03	
UploadFiles/xwzx/2025/9/202509221438003747.jpg	UploadFiles/xwzx/2025/9/202509221438003747.jpg	345355	cfd604267162b45215c6d42415827df0a7f64359ee2d1a82edd473a2ba1c9a4a	cfd604267162b45215c6d42415827df0a7f64359ee2d1a82edd473a2ba1c9a4a	
UploadFiles/xwzx/2025/9/202509221438008262.jpg	UploadFiles/xwzx/2025/9/202509221438008262.jpg	782238	672535e9d2c813df2ffcc8785b71597fb914492e9da5d7408d1fb0ff5e70ca5a	672535e9d2c813df2ffcc8785b71597fb914492e9da5d7408d1fb0ff5e70ca5a	
UploadFiles/xwzx/2025/9/202509221438008540.jpg	UploadFiles/xwzx/2025/9/202509221438008540.jpg	1482691	fabfa8a399f1d37829181600d66a18ec41e90b02c982271e4ca44541ef884ead	fabfa8a399f1d37829181600d66a18ec41e90b02c982271e4ca44541ef884ead	
UploadFiles/xwzx/2025/9/202509221438011313.jpg	UploadFiles/xwzx/2025/9/202509221438011313.jpg	1686241	1fd3aabd70e857ca80c9c8368559b8f405a49cd090c9da71097b4ad96482417f	1fd3aabd70e857ca80c9c8368559b8f405a49cd090c9da71097b4ad96482417f	
UploadFiles/xwzx/2025/9/202509221438012316.jpg	UploadFiles/xwzx/2025/9/202509221438012316.jpg	499320	1f74d01dde788714737a73ba436ef14bc908b64f791af2a8a153d227cef9372f	1f74d01dde788714737a73ba436ef14bc908b64f791af2a8a153d227cef9372f	
UploadFiles/xwzx/2025/9/202509221438022421.jpg	UploadFiles/xwzx/2025/9/202509221438022421.jpg	9283659	4085d1acfe15171df475ef71effc8e492f5bbcb39f246d444e188d68aace78be	4085d1acfe15171df475ef71effc8e492f5bbcb39f246d444e188d68aace78be	
UploadFiles/xwzx/2025/9/202509221438313068.jpg	UploadFiles/xwzx/2025/9/202509221438313068.jpg	158881	4dedbe55f54a624b844efa90c08ff1d2a94a6d1d8773dd367d1a41354eabfd2d	4dedbe55f54a624b844efa90c08ff1d2a94a6d1d8773dd367d1a41354eabfd2d	
UploadFiles/xwzx/2025/9/202509221438317170.png	UploadFiles/xwzx/2025/9/202509221438317170.png	1612386	a21abfd310a103bd167d695085a5fe3efea5554d03626c23a1c73b82bee21060	a21abfd310a103bd167d695085a5fe3efea5554d03626c23a1c73b82bee21060	
UploadFiles/xwzx/2025/9/202509221438327624.png	UploadFiles/xwzx/2025/9/202509221438327624.png	2278270	439207f35cf701955cb89abc18a2bfe6100dc5419289f696dd4be0d4101237c8	439207f35cf701955cb89abc18a2bfe6100dc5419289f696dd4be0d4101237c8	
UploadFiles/xwzx/2025/9/202509221438336148.png	UploadFiles/xwzx/2025/9/202509221438336148.png	2622885	ef7a480b0ea13aa7522046baa8215c26c947eba7b0996f8ddd4d4d305083df3e	ef7a480b0ea13aa7522046baa8215c26c947eba7b0996f8ddd4d4d305083df3e	
UploadFiles/xwzx/2025/9/202509221438348450.png	UploadFiles/xwzx/2025/9/202509221438348450.png	3000218	c0cfc7ee7cbe15b4c7418b5557f8b902227c6877ac0f9d0c1203e7ade0284d63	c0cfc7ee7cbe15b4c7418b5557f8b902227c6877ac0f9d0c1203e7ade0284d63	
UploadFiles/xwzx/2025/9/202509221438372831.png	UploadFiles/xwzx/2025/9/202509221438372831.png	3848953	733733589ec6c5cb23bc9140f027b72b64d06eed0d624eea30aa0c92b2101435	733733589ec6c5cb23bc9140f027b72b64d06eed0d624eea30aa0c92b2101435	
UploadFiles/xwzx/2025/9/202509221438381923.jpg	UploadFiles/xwzx/2025/9/202509221438381923.jpg	4111869	222c1f0ac629cdce22cbf88399cb8ec07746b4ef2d6bd1d44e7e9db28c237cbc	222c1f0ac629cdce22cbf88399cb8ec07746b4ef2d6bd1d44e7e9db28c237cbc	
UploadFiles/xwzx/2025/9/202509221438387812.png	UploadFiles/xwzx/2025/9/202509221438387812.png	15607470	85298b2089e7473d4b8305163bce9b458c10d058e8e0a9776664fd869a374c32	85298b2089e7473d4b8305163bce9b458c10d058e8e0a9776664fd869a374c32	
UploadFiles/xwzx/2025/9/202509230849467857.png	UploadFiles/xwzx/2025/9/202509230849467857.png	52871	15598a1ae2bfa8ee713328297d458e9e68446fd833575e1f3b39e3c9ea3dd540	15598a1ae2bfa8ee713328297d458e9e68446fd833575e1f3b39e3c9ea3dd540	
UploadFiles/xwzx/2025/9/202509231424205631.jpg	UploadFiles/xwzx/2025/9/202509231424205631.jpg	181441	5187fa6ecc7244f67ff3d35fcc884791796917f971807b905fb54e58d39efe7e	5187fa6ecc7244f67ff3d35fcc884791796917f971807b905fb54e58d39efe7e	
UploadFiles/xwzx/2025/9/202509231623001657.bmp	UploadFiles/xwzx/2025/9/202509231623001657.bmp	5319954	f996013290946be2edede95b5c57ba0287ae5e408278561c6d800a488ff5e05b	f996013290946be2edede95b5c57ba0287ae5e408278561c6d800a488ff5e05b	
UploadFiles/xwzx/2025/9/202509240912016895.png	UploadFiles/xwzx/2025/9/202509240912016895.png	84340	7e3d04d9449023d00ccc1845497d50e6357da9c8e057bcd34e34d52a45701683	7e3d04d9449023d00ccc1845497d50e6357da9c8e057bcd34e34d52a45701683	
UploadFiles/xwzx/2025/9/202509241411327322.png	UploadFiles/xwzx/2025/9/202509241411327322.png	38776	fba6b951c50e07abc8b0cc5b7b1a320ee25d7e174867faeb45cd4e0a5ad7126a	fba6b951c50e07abc8b0cc5b7b1a320ee25d7e174867faeb45cd4e0a5ad7126a	
UploadFiles/xwzx/2025/9/202509260817353609.bmp	UploadFiles/xwzx/2025/9/202509260817353609.bmp	2326266	36982288bff6f534420bff3289d080bb31cff85e3dbacbe6153d48cfb982f3f5	36982288bff6f534420bff3289d080bb31cff85e3dbacbe6153d48cfb982f3f5	
UploadFiles/xwzx/2025/9/202509261236528614.png	UploadFiles/xwzx/2025/9/202509261236528614.png	47417	386ea899601c6bdc99b0a9cdbdf83caa376093a1499ddc53e604a1af05188dcb	386ea899601c6bdc99b0a9cdbdf83caa376093a1499ddc53e604a1af05188dcb	
UploadFiles/xwzx/2025/9/202509261309485887.png	UploadFiles/xwzx/2025/9/202509261309485887.png	94049	feb8b7ecbc7044198f505ce91a0b8ab9626ef1936e2d5bd6f8525e3583d68d08	feb8b7ecbc7044198f505ce91a0b8ab9626ef1936e2d5bd6f8525e3583d68d08	
UploadFiles/xwzx/2025/9/202509261452538388.jpg	UploadFiles/xwzx/2025/9/202509261452538388.jpg	250795	32c43221dd867f4a69624eb807d0710eb26b18fa67389977258f79d40614dbbb	32c43221dd867f4a69624eb807d0710eb26b18fa67389977258f79d40614dbbb	
UploadFiles/xwzx/2025/9/202509261656370570.bmp	UploadFiles/xwzx/2025/9/202509261656370570.bmp	2326266	52bdbe712904a3bf920f9b9cfcf403754fea197adf8db6f4b3db5e716e0782d1	52bdbe712904a3bf920f9b9cfcf403754fea197adf8db6f4b3db5e716e0782d1	
UploadFiles/xwzx/2025/9/202509280839000179.png	UploadFiles/xwzx/2025/9/202509280839000179.png	18657	38d062e5100d350bf0220383c5f63b399fb72ebde54cdf47da7ed8f56c851773	38d062e5100d350bf0220383c5f63b399fb72ebde54cdf47da7ed8f56c851773	
UploadFiles/xwzx/2025/9/202509280840159585.JPG	UploadFiles/xwzx/2025/9/202509280840159585.jpg	1424493	d78841a2aa6383ff1ce356bbdd17c26cfca4c0b23bc45b6a8e7bed2a2ca92385	d78841a2aa6383ff1ce356bbdd17c26cfca4c0b23bc45b6a8e7bed2a2ca92385	
UploadFiles/xwzx/2025/9/202509280840191722.jpg	UploadFiles/xwzx/2025/9/202509280840191722.jpg	5541366	60dba7584a8e208831e844f667898b31297a3695167ec54a143c87bf2ece1e30	60dba7584a8e208831e844f667898b31297a3695167ec54a143c87bf2ece1e30	
UploadFiles/xwzx/2025/9/202509280840198307.JPG	UploadFiles/xwzx/2025/9/202509280840198307.jpg	8548288	8e626aff01a9e3eb1373d0f28b8db31e4322a912ab063169b68e5ebc33b22bf3	8e626aff01a9e3eb1373d0f28b8db31e4322a912ab063169b68e5ebc33b22bf3	
UploadFiles/xwzx/2025/9/202509280840262665.JPG	UploadFiles/xwzx/2025/9/202509280840262665.jpg	8316456	e3339e43876cddfdbdeea3a33489a3f72d1977e66ace8a9dc2f3eed86b21c52c	e3339e43876cddfdbdeea3a33489a3f72d1977e66ace8a9dc2f3eed86b21c52c	
UploadFiles/xwzx/2025/9/202509280840302212.JPG	UploadFiles/xwzx/2025/9/202509280840302212.jpg	8555913	4d7a607e2fe66ce423a567014086477ae8dbfad8468d47a94e401f68caf8d1bd	4d7a607e2fe66ce423a567014086477ae8dbfad8468d47a94e401f68caf8d1bd	
UploadFiles/xwzx/2025/9/202509280840371730.JPG	UploadFiles/xwzx/2025/9/202509280840371730.jpg	8609702	d179dbfa234902caea2eeb98bd93d3538373a5025c568fb42d957148f3549ec8	d179dbfa234902caea2eeb98bd93d3538373a5025c568fb42d957148f3549ec8	
UploadFiles/xwzx/2025/9/202509280840392147.JPG	UploadFiles/xwzx/2025/9/202509280840392147.jpg	9578991	e2b9aa63d25826353dd519eb298fc642fc68f15b4171b84ba37d753b9040de7b	e2b9aa63d25826353dd519eb298fc642fc68f15b4171b84ba37d753b9040de7b	
UploadFiles/xwzx/2025/9/202509280840474714.JPG	UploadFiles/xwzx/2025/9/202509280840474714.jpg	12448622	c634d0755e85f79775dac1a596b2066c485b5ae4db501b71a4197b014b293893	c634d0755e85f79775dac1a596b2066c485b5ae4db501b71a4197b014b293893	
UploadFiles/xwzx/2025/9/202509280840476077.JPG	UploadFiles/xwzx/2025/9/202509280840476077.jpg	12389956	1a6c21ceebee9cd8d23b0948c97e5da4527ba67084cd2c0c61829f2ff8f7885f	1a6c21ceebee9cd8d23b0948c97e5da4527ba67084cd2c0c61829f2ff8f7885f	
UploadFiles/xwzx/2025/9/202509280840509219.JPG	UploadFiles/xwzx/2025/9/202509280840509219.jpg	11744675	0c61b33e7df7089517277f6c7824718ed10d048a869e686dd2f3deda7996a039	0c61b33e7df7089517277f6c7824718ed10d048a869e686dd2f3deda7996a039	
UploadFiles/xwzx/2025/9/202509280841028427.JPG	UploadFiles/xwzx/2025/9/202509280841028427.jpg	12029900	dac8254ef9219873153427f7843c2707868b1e82ec9182591496864dcafff229	dac8254ef9219873153427f7843c2707868b1e82ec9182591496864dcafff229	
UploadFiles/xwzx/2025/9/202509280841032912.JPG	UploadFiles/xwzx/2025/9/202509280841032912.jpg	11710281	374b98f05cad406e9ce2c8a2816fb9430dc2320e7483cd15904c4fbc33ddc331	374b98f05cad406e9ce2c8a2816fb9430dc2320e7483cd15904c4fbc33ddc331	
UploadFiles/xwzx/2025/9/202509280841038937.jpg	UploadFiles/xwzx/2025/9/202509280841038937.jpg	170004	71df10b938e40bcd4001ffbba1ef45b2b29ec29aadbfc06b9b60c3b38ca117d1	71df10b938e40bcd4001ffbba1ef45b2b29ec29aadbfc06b9b60c3b38ca117d1	
UploadFiles/xwzx/2025/9/202509280841050482.JPG	UploadFiles/xwzx/2025/9/202509280841050482.jpg	12164562	5989d80ea342a3d5c1c32c6178fea39c2754d4496935ad0b881e73294a873eb4	5989d80ea342a3d5c1c32c6178fea39c2754d4496935ad0b881e73294a873eb4	
UploadFiles/xwzx/2025/9/202509280841132839.JPG	UploadFiles/xwzx/2025/9/202509280841132839.jpg	12003767	c306171447cb4e280669c09c0c7d09ade82dd90b76d5ac39766be250730a4ad6	c306171447cb4e280669c09c0c7d09ade82dd90b76d5ac39766be250730a4ad6	
UploadFiles/xwzx/2025/9/202509280841151512.JPG	UploadFiles/xwzx/2025/9/202509280841151512.jpg	12818355	91c65c19cd4709ed8f832d8346fca523b42cb330c19ac070bdf9c9d914e4d422	91c65c19cd4709ed8f832d8346fca523b42cb330c19ac070bdf9c9d914e4d422	
UploadFiles/xwzx/2025/9/202509280841152580.JPG	UploadFiles/xwzx/2025/9/202509280841152580.jpg	10829762	f6ed82dfb886b37e7f19f21e7d03e8edffbecb55ab92f47af9a464ae2f667e13	f6ed82dfb886b37e7f19f21e7d03e8edffbecb55ab92f47af9a464ae2f667e13	
UploadFiles/xwzx/2025/9/202509291640061745.bmp	UploadFiles/xwzx/2025/9/202509291640061745.bmp	5319954	be6252e171eed9dbf794b8fafa9e704a0ec154a5c207f93d31dbe795ae9d9675	be6252e171eed9dbf794b8fafa9e704a0ec154a5c207f93d31dbe795ae9d9675	
UploadFiles/xwzx/2025/9/202509301039430300.bmp	UploadFiles/xwzx/2025/9/202509301039430300.bmp	5319954	55d7cc1c03ec3195477f9959fac94faf1e6d977e62838682c7aa53e4b26626af	55d7cc1c03ec3195477f9959fac94faf1e6d977e62838682c7aa53e4b26626af	
